gmDate,away_abbr,home_abbr,Season,away_pace,away_assist_percentage,away_assists,away_block_percentage,away_blocks,away_defensive_rating,away_defensive_rebound_percentage,away_defensive_rebounds,away_effective_field_goal_percentage,away_field_goal_attempts,away_field_goal_percentage,away_field_goals,away_free_throw_attempts,away_free_throw_percentage,away_free_throws,away_offensive_rating,away_offensive_rebounds,away_personal_fouls,away_steal_percentage,away_steals,away_three_point_attempt_rate,away_three_point_field_goal_attempts,away_three_point_field_goal_percentage,away_three_point_field_goals,away_total_rebound_percentage,away_total_rebounds,away_true_shooting_percentage,away_turnover_percentage,away_turnovers,away_two_point_field_goal_attempts,away_two_point_field_goal_percentage,away_two_point_field_goals,home_pace,home_assist_percentage,home_assists,home_block_percentage,home_blocks,home_defensive_rating,home_defensive_rebound_percentage,home_defensive_rebounds,home_effective_field_goal_percentage,home_field_goal_attempts,home_field_goal_percentage,home_field_goals,home_free_throw_attempts,home_free_throw_percentage,home_free_throws,home_offensive_rating,home_offensive_rebounds,home_personal_fouls,home_steal_percentage,home_steals,home_three_point_attempt_rate,home_three_point_field_goal_attempts,home_three_point_field_goal_percentage,home_three_point_field_goals,home_total_rebound_percentage,home_total_rebounds,home_true_shooting_percentage,home_turnover_percentage,home_turnovers,home_two_point_field_goal_attempts,home_two_point_field_goal_percentage,home_two_point_field_goals,away_score,home_score,Winner,V ML,H ML,Num Games Avg,Recommended Wager,Recommended Winner
2021-01-06,22,10,0,106.13333333333333,68.66666666666667,30.0,6.2333333333333325,3.333333333333333,108.0,79.19999999999997,35.333333333333336,0.5486666666666667,92.66666666666669,0.4743333333333333,43.66666666666666,26.0,0.731,19.0,113.06666666666668,8.666666666666666,22.33333333333333,7.833333333333332,8.333333333333334,0.3353333333333333,31.0,0.44333333333333336,13.666666666666664,48.33333333333334,44.0,0.5803333333333334,12.066666666666668,14.0,61.66666666666666,0.4913333333333333,30.0,101.86666666666667,71.33333333333336,6.666666666666668,15.033333333333333,2.0,100.23333333333336,79.53333333333333,12.0,0.5556666666666668,23.66666666666667,0.35366666666666663,8.333333333333334,4.666666666666667,0.852,4.0,113.06666666666668,3.0,2.333333333333333,8.799999999999997,1.3333333333333333,0.38299999999999995,11.0,0.2833333333333334,3.333333333333333,53.43333333333334,15.0,0.5926666666666667,14.366666666666667,2.6666666666666665,12.666666666666664,0.402,5.0,136,141,H,220,-270,3,3.0297852948144905,H
2021-01-06,4,9,0,95.2333333333333,56.7,20.33333333333333,7.566666666666667,4.0,109.46666666666664,68.16666666666667,29.66666666666667,0.4756666666666667,86.0,0.4189999999999999,36.0,17.666666666666668,0.6299999999999999,11.0,97.16666666666669,11.666666666666664,19.0,9.533333333333333,9.0,0.3093333333333333,26.66666666666667,0.37333333333333335,9.666666666666666,45.86666666666667,41.333333333333336,0.4940000000000001,14.299999999999995,15.666666666666664,59.33333333333334,0.4426666666666666,26.33333333333333,97.93333333333332,53.96666666666668,6.0,7.6999999999999975,1.6666666666666667,104.06666666666666,83.8,10.333333333333334,0.4393333333333333,22.0,0.436,9.666666666666666,6.333333333333332,0.8333333333333334,5.666666666666668,100.53333333333332,0.6666666666666666,3.6666666666666665,6.2333333333333325,1.6666666666666667,0.3443333333333333,8.666666666666666,0.3666666666666665,3.333333333333333,53.06666666666666,11.0,0.476,10.466666666666667,2.6666666666666665,13.333333333333336,0.4793333333333333,6.333333333333332,94,105,H,170,-200,3,3.314105064852897,H
2021-01-06,2,14,0,100.03333333333332,56.33333333333334,24.66666666666667,15.8,8.333333333333334,110.2333333333333,79.50000000000001,36.66666666666666,0.5813333333333334,84.66666666666667,0.507,43.0,20.33333333333333,0.6816666666666668,15.0,113.73333333333336,10.333333333333334,23.66666666666667,6.366666666666667,6.333333333333332,0.3656666666666665,31.0,0.4100000000000001,12.666666666666664,54.66666666666666,47.0,0.6056666666666666,16.400000000000002,18.33333333333333,53.66666666666666,0.5663333333333334,30.33333333333333,101.6,66.19999999999999,6.666666666666668,7.6,0.3333333333333333,111.86666666666667,77.73333333333333,7.333333333333332,0.5946666666666666,23.66666666666667,0.4413333333333333,10.666666666666666,4.666666666666667,1.0,4.666666666666667,109.73333333333332,0.6666666666666666,3.0,6.866666666666667,5.666666666666668,0.4546666666666666,11.333333333333336,0.37233333333333335,4.333333333333333,49.26666666666666,8.0,0.6166666666666667,17.3,3.333333333333333,12.333333333333336,0.4876666666666667,6.333333333333332,107,105,V,120,-140,3,10.99682977932144,V
2021-01-06,16,25,0,100.8,80.86666666666666,31.33333333333333,10.333333333333334,5.0,113.76666666666668,75.63333333333334,34.333333333333336,0.5263333333333334,87.33333333333331,0.448,39.0,23.0,0.8073333333333332,18.666666666666668,109.43333333333334,11.333333333333336,23.33333333333333,8.3,8.333333333333334,0.4126666666666667,36.0,0.38166666666666665,13.666666666666664,49.8,45.66666666666666,0.5673333333333334,14.833333333333336,17.0,51.33333333333334,0.496,25.33333333333333,96.76666666666664,65.96666666666667,5.333333333333333,7.833333333333332,0.6666666666666666,113.23333333333336,70.16666666666667,8.333333333333334,0.5343333333333334,24.66666666666667,0.4856666666666667,12.0,1.6666666666666667,0.6666666666666666,1.3333333333333333,112.46666666666664,3.333333333333333,4.333333333333333,6.2333333333333325,1.0,0.4146666666666667,6.0,0.26666666666666666,1.6666666666666667,48.86666666666667,11.666666666666664,0.5696666666666667,13.5,3.0,18.666666666666668,0.5476666666666666,10.333333333333334,102,94,V,200,-240,3,7.082739360590411,V
2021-01-06,26,24,0,100.5,63.13333333333333,22.33333333333333,9.033333333333333,5.333333333333333,107.56666666666666,80.63333333333334,41.0,0.4923333333333334,84.33333333333333,0.4213333333333333,35.666666666666664,24.0,0.8003333333333335,19.0,101.73333333333332,7.0,17.666666666666668,6.9,7.0,0.498,41.66666666666666,0.2886666666666667,12.0,48.93333333333334,48.0,0.5383333333333334,12.566666666666668,13.666666666666664,42.66666666666666,0.5496666666666666,23.66666666666667,99.03333333333336,58.36666666666667,6.0,10.7,1.6666666666666667,107.16666666666669,86.3,9.666666666666666,0.4653333333333333,22.0,0.39399999999999996,8.666666666666666,3.6666666666666665,0.8333333333333334,3.0,108.9,1.0,4.666666666666667,7.2,1.3333333333333333,0.32666666666666666,9.0,0.3453333333333333,3.0,55.86666666666667,10.666666666666666,0.5193333333333333,10.433333333333332,3.0,13.0,0.45399999999999996,5.666666666666668,111,110,V,270,-340,3,4.257497096291573,V
2021-01-06,17,15,0,99.66666666666669,61.0,26.66666666666667,8.033333333333333,3.6666666666666665,121.73333333333332,77.7,31.0,0.5193333333333333,96.33333333333331,0.454,43.66666666666666,14.666666666666664,0.75,12.0,112.43333333333334,10.0,20.666666666666668,7.033333333333334,7.0,0.40066666666666667,38.66666666666666,0.3236666666666667,12.666666666666664,46.06666666666666,41.0,0.5443333333333333,8.4,9.333333333333334,57.66666666666666,0.5373333333333333,31.0,106.13333333333333,59.86666666666667,4.333333333333333,8.033333333333333,1.3333333333333333,97.6,85.76666666666667,10.333333333333334,0.65,23.0,0.3493333333333333,8.0,5.666666666666668,0.856,4.666666666666667,122.2,1.3333333333333333,5.0,8.733333333333333,2.0,0.4430000000000001,10.0,0.3720000000000001,3.333333333333333,56.93333333333334,11.666666666666664,0.6670000000000001,15.433333333333335,3.6666666666666665,13.0,0.3603333333333333,4.666666666666667,115,130,H,550,-900,3,3.2650980727417074,H
2021-01-06,13,11,0,101.96666666666664,64.53333333333335,24.66666666666667,11.9,6.666666666666668,111.03333333333336,73.53333333333335,34.333333333333336,0.4936666666666666,92.33333333333331,0.4106666666666667,38.0,18.666666666666668,0.851,16.333333333333332,105.83333333333331,10.0,26.66666666666667,8.466666666666667,8.666666666666666,0.4846666666666668,44.66666666666666,0.3453333333333333,15.333333333333336,45.8,44.33333333333334,0.5346666666666667,11.4,13.0,47.66666666666666,0.4726666666666666,22.66666666666667,94.1,60.8,7.0,9.233333333333334,0.3333333333333333,106.36666666666667,83.2,8.333333333333334,0.555,22.0,0.537,11.333333333333336,5.666666666666668,0.6466666666666666,3.6666666666666665,115.1,1.3333333333333333,2.6666666666666665,6.366666666666667,2.333333333333333,0.46,8.0,0.3663333333333333,3.0,52.76666666666667,9.666666666666666,0.599,13.1,3.0,14.0,0.5950000000000001,8.333333333333334,115,123,H,130,-150,3,3.7839197237988813,H
2021-01-06,23,29,0,91.46666666666664,65.2,25.0,10.233333333333333,4.666666666666667,117.0,75.16666666666666,29.66666666666667,0.5770000000000001,80.66666666666667,0.4746666666666666,38.0,22.33333333333333,0.8323333333333333,18.666666666666668,121.26666666666664,9.666666666666666,23.33333333333333,7.3,6.666666666666668,0.417,33.333333333333336,0.4933333333333334,16.333333333333332,50.23333333333333,39.333333333333336,0.617,11.733333333333334,12.0,47.33333333333334,0.474,21.66666666666667,106.86666666666667,62.86666666666667,3.6666666666666665,14.0,0.3333333333333333,109.6,80.63333333333334,8.666666666666666,0.5706666666666668,22.0,0.4266666666666667,9.666666666666666,9.666666666666666,0.616,6.0,115.76666666666664,2.333333333333333,6.333333333333332,3.733333333333333,1.0,0.4239999999999999,9.333333333333334,0.45,4.333333333333333,50.43333333333334,11.0,0.6176666666666667,12.033333333333333,4.0,12.666666666666664,0.406,5.333333333333333,108,101,V,-210,175,3,0.0,H
2021-01-07,8,12,0,102.36666666666667,59.93333333333334,23.33333333333333,9.6,5.333333333333333,121.86666666666666,80.76666666666667,30.33333333333333,0.4696666666666666,94.33333333333331,0.4156666666666666,39.0,19.33333333333333,0.7483333333333334,14.666666666666664,100.56666666666668,12.666666666666664,23.33333333333333,8.4,8.666666666666666,0.38033333333333336,35.666666666666664,0.2790000000000001,10.0,49.0,43.0,0.5013333333333333,12.733333333333333,15.0,58.66666666666666,0.4953333333333334,29.0,98.6,59.53333333333333,7.0,7.466666666666666,1.3333333333333333,116.7,75.93333333333331,10.333333333333334,0.5123333333333333,24.0,0.4736666666666667,11.0,3.333333333333333,0.5833333333333334,2.333333333333333,109.53333333333336,2.0,5.0,7.8,0.6666666666666666,0.44766666666666666,9.333333333333334,0.4,3.6666666666666665,46.33333333333334,12.333333333333336,0.5353333333333333,8.633333333333335,2.6666666666666665,14.666666666666664,0.5113333333333333,7.333333333333332,117,135,H,375,-550,3,0.0,H
2021-01-07,27,5,0,95.40000000000002,59.53333333333333,24.0,7.033333333333332,3.0,101.06666666666666,82.73333333333333,38.0,0.5513333333333333,85.66666666666667,0.47100000000000003,40.333333333333336,24.66666666666667,0.8476666666666667,20.666666666666668,121.03333333333332,10.666666666666666,24.0,7.066666666666667,6.666666666666668,0.4746666666666666,40.66666666666666,0.3376666666666666,13.666666666666664,55.13333333333333,48.66666666666666,0.5966666666666667,11.0,12.0,45.0,0.5913333333333334,26.66666666666667,99.56666666666663,64.3,7.666666666666668,6.933333333333334,0.6666666666666666,111.63333333333334,81.39999999999998,7.666666666666668,0.5673333333333334,20.666666666666668,0.4543333333333333,9.333333333333334,4.666666666666667,0.8690000000000001,4.0,117.0,1.6666666666666667,5.333333333333333,8.033333333333333,1.6666666666666667,0.3363333333333334,9.666666666666666,0.4630000000000001,4.666666666666667,52.83333333333334,9.333333333333334,0.5963333333333333,11.733333333333333,5.0,11.0,0.4376666666666667,4.666666666666667,124,117,V,120,-140,3,8.389130979147142,V
2021-01-07,20,1,0,101.86666666666667,59.66666666666666,25.66666666666667,10.666666666666666,7.0,108.06666666666666,82.73333333333333,38.66666666666666,0.5366666666666666,93.33333333333331,0.4633333333333334,43.33333333333334,16.0,0.863,13.666666666666664,111.8,7.666666666666668,18.0,7.2333333333333325,7.333333333333332,0.3613333333333333,33.666666666666664,0.402,13.666666666666664,49.43333333333334,46.33333333333334,0.5653333333333334,10.5,11.666666666666664,59.66666666666666,0.4936666666666667,29.66666666666667,101.83333333333331,59.16666666666666,4.333333333333333,13.1,0.6666666666666666,105.56666666666663,82.1,7.333333333333332,0.6073333333333334,24.66666666666667,0.403,9.666666666666666,3.333333333333333,1.0,3.333333333333333,121.86666666666666,2.333333333333333,4.333333333333333,6.900000000000001,3.0,0.3760000000000001,10.666666666666666,0.238,2.333333333333333,54.3,9.666666666666666,0.6303333333333333,13.766666666666666,3.0,14.0,0.517,7.333333333333332,118,109,V,185,-225,3,3.8578443346185316,H
2021-01-08,16,24,0,100.66666666666669,80.53333333333332,28.66666666666667,10.666666666666666,5.666666666666668,112.2666666666667,76.60000000000002,35.333333333333336,0.473,87.66666666666669,0.4026666666666667,35.333333333333336,27.0,0.8099999999999999,22.0,104.3,10.0,18.666666666666668,9.966666666666667,10.0,0.419,36.66666666666666,0.3366666666666667,12.333333333333336,46.46666666666668,45.33333333333334,0.527,11.000000000000005,12.333333333333336,51.0,0.4523333333333333,23.0,99.7666666666667,63.4,6.333333333333332,8.200000000000001,1.3333333333333333,111.63333333333334,86.3,8.0,0.501,23.0,0.4213333333333333,9.666666666666666,3.333333333333333,0.5,2.333333333333333,112.06666666666666,0.6666666666666666,5.333333333333333,7.133333333333333,1.6666666666666667,0.32399999999999995,12.333333333333336,0.3676666666666665,4.333333333333333,56.99999999999999,8.666666666666666,0.5513333333333333,12.466666666666667,2.333333333333333,10.666666666666666,0.5096666666666666,5.333333333333333,118,110,V,220,-270,3,3.7020433414758136,H
2021-01-08,22,2,0,107.46666666666664,63.86666666666665,29.66666666666667,5.233333333333333,2.6666666666666665,115.2,85.36666666666666,32.333333333333336,0.5653333333333332,95.66666666666669,0.488,46.33333333333334,30.0,0.7466666666666667,22.33333333333333,120.63333333333334,10.0,22.66666666666667,8.366666666666667,9.0,0.3606666666666665,34.333333333333336,0.4270000000000001,14.666666666666664,49.66666666666666,42.333333333333336,0.6003333333333333,10.066666666666668,12.0,61.33333333333334,0.5233333333333333,31.66666666666667,99.96666666666668,55.06666666666666,7.333333333333332,13.266666666666666,2.0,117.46666666666664,71.89999999999998,9.333333333333334,0.536,21.33333333333333,0.4786666666666666,10.333333333333334,3.6666666666666665,0.7776666666666667,2.6666666666666665,114.03333333333332,2.333333333333333,3.333333333333333,10.166666666666666,1.0,0.3670000000000001,9.666666666666666,0.295,3.0,47.16666666666666,11.666666666666664,0.557,10.633333333333333,4.666666666666667,11.666666666666664,0.6489999999999999,7.333333333333332,107,116,H,160,-180,3,0.0,V
2021-01-08,26,18,0,100.16666666666669,65.63333333333333,23.33333333333333,7.7,4.666666666666667,108.86666666666666,81.13333333333334,37.333333333333336,0.5116666666666667,84.0,0.423,35.666666666666664,21.33333333333333,0.7863333333333333,16.666666666666668,102.7,5.333333333333333,16.666666666666668,6.933333333333333,7.0,0.5379999999999999,45.0,0.3336666666666666,15.0,45.16666666666666,42.66666666666666,0.5506666666666667,12.233333333333334,13.0,39.0,0.528,20.666666666666668,96.93333333333334,55.66666666666666,5.0,8.200000000000001,2.333333333333333,109.76666666666668,72.36666666666666,8.333333333333334,0.5439999999999999,25.0,0.455,11.333333333333336,3.333333333333333,0.3666666666666667,1.6666666666666667,113.46666666666664,3.333333333333333,4.333333333333333,7.6,1.6666666666666667,0.3066666666666667,9.666666666666666,0.2826666666666666,2.6666666666666665,50.36666666666667,11.666666666666664,0.5786666666666668,13.1,2.0,15.333333333333336,0.5853333333333334,8.666666666666666,101,89,V,120,-140,3,3.4544343018654247,H
2021-01-08,21,15,0,101.4,53.56666666666666,22.0,10.633333333333336,7.666666666666668,115.56666666666663,77.26666666666667,37.333333333333336,0.5460000000000002,88.33333333333331,0.4596666666666666,40.66666666666666,19.0,0.6093333333333333,12.0,106.96666666666664,10.0,17.0,4.966666666666666,5.0,0.4483333333333334,39.66666666666666,0.3846666666666667,15.333333333333336,49.63333333333333,47.33333333333334,0.5616666666666666,14.666666666666664,16.666666666666668,48.66666666666666,0.5223333333333332,25.33333333333333,104.13333333333333,67.0,5.666666666666668,7.9333333333333345,0.6666666666666666,104.7,81.96666666666667,8.333333333333334,0.6443333333333333,23.66666666666667,0.39299999999999996,9.333333333333334,4.0,0.9166666666666666,3.6666666666666665,122.10000000000002,1.6666666666666667,4.333333333333333,8.5,1.6666666666666667,0.469,10.0,0.4490000000000001,4.333333333333333,54.16666666666666,10.0,0.6586666666666668,14.766666666666667,3.0,13.666666666666664,0.3626666666666665,5.0,131,118,V,180,-220,3,3.8355916150429694,H
2021-01-08,9,28,0,103.93333333333334,52.2,23.33333333333333,2.7999999999999994,1.6666666666666667,109.06666666666668,78.53333333333335,37.0,0.5326666666666666,92.0,0.4833333333333333,44.66666666666666,27.66666666666667,0.86,24.33333333333333,118.03333333333336,11.333333333333336,19.33333333333333,8.333333333333334,8.666666666666666,0.28300000000000003,26.0,0.3443333333333333,9.0,51.36666666666667,48.33333333333334,0.5886666666666667,9.8,11.333333333333336,66.0,0.5376666666666666,35.666666666666664,98.46666666666664,52.06666666666666,5.333333333333333,11.633333333333335,1.3333333333333333,110.36666666666667,73.36666666666667,9.0,0.5283333333333334,22.0,0.5296666666666667,11.666666666666664,8.333333333333334,0.8193333333333334,7.0,109.43333333333334,3.6666666666666665,6.333333333333332,8.4,1.3333333333333333,0.4813333333333333,9.0,0.4443333333333333,3.6666666666666665,47.06666666666666,12.666666666666664,0.5760000000000001,13.2,4.0,13.0,0.6126666666666667,8.0,90,132,H,215,-260,3,7.281140154564349,V
2021-01-08,13,19,0,98.46666666666664,55.70000000000001,20.0,11.233333333333333,5.333333333333333,116.73333333333332,76.2,33.0,0.5089999999999999,86.66666666666669,0.4226666666666667,36.333333333333336,24.33333333333333,0.8463333333333334,20.33333333333333,110.26666666666668,10.0,25.33333333333333,8.033333333333333,8.0,0.4900000000000001,42.66666666666666,0.35666666666666663,15.0,47.16666666666666,43.0,0.5553333333333333,11.966666666666667,13.333333333333336,44.0,0.4863333333333332,21.33333333333333,98.43333333333332,64.60000000000001,7.666666666666668,5.433333333333334,0.0,120.26666666666664,77.63333333333331,7.0,0.5686666666666667,23.33333333333333,0.512,12.0,2.0,0.9166666666666666,1.6666666666666667,119.56666666666668,2.0,4.0,7.4333333333333345,1.3333333333333333,0.35366666666666663,8.666666666666666,0.387,3.333333333333333,47.76666666666667,9.0,0.6,9.966666666666667,3.0,14.666666666666664,0.5686666666666668,8.666666666666666,144,123,V,-200,170,3,0.0,V
2021-01-08,23,29,0,92.63333333333333,56.79999999999999,20.666666666666668,9.066666666666668,4.333333333333333,113.2,77.63333333333331,32.0,0.5203333333333333,83.0,0.43799999999999994,36.333333333333336,22.66666666666667,0.8879999999999999,20.33333333333333,115.2,10.666666666666666,21.33333333333333,6.133333333333333,5.666666666666668,0.3856666666666666,32.0,0.4346666666666667,13.666666666666664,51.4,42.66666666666666,0.5743333333333335,11.566666666666668,12.333333333333336,51.0,0.44766666666666666,22.66666666666667,104.16666666666669,63.79999999999999,3.6666666666666665,9.3,1.0,107.7,75.80000000000003,8.666666666666666,0.5916666666666667,22.33333333333333,0.3636666666666665,8.333333333333334,7.666666666666668,0.7639999999999999,5.333333333333333,119.43333333333332,3.333333333333333,6.666666666666668,5.933333333333334,1.0,0.39266666666666666,9.0,0.2906666666666667,2.6666666666666665,49.06666666666666,12.0,0.6213333333333334,11.466666666666667,4.333333333333333,13.333333333333336,0.41100000000000003,5.666666666666668,105,115,H,-250,210,3,0.0,V
2021-01-08,3,1,0,102.2666666666667,56.66666666666666,24.0,10.1,4.333333333333333,118.13333333333333,80.50000000000001,36.66666666666666,0.5333333333333332,90.33333333333331,0.46799999999999997,42.333333333333336,17.666666666666668,0.7776666666666667,13.666666666666664,108.5,9.0,20.33333333333333,5.766666666666668,6.0,0.3933333333333333,35.666666666666664,0.3236666666666666,12.0,51.43333333333334,45.66666666666666,0.5613333333333332,14.266666666666666,16.333333333333332,54.66666666666666,0.555,30.33333333333333,101.46666666666664,53.86666666666665,5.666666666666668,12.833333333333336,0.3333333333333333,107.0333333333333,80.23333333333333,8.0,0.5716666666666667,26.0,0.4003333333333334,10.333333333333334,3.0,0.8889999999999999,2.6666666666666665,112.53333333333332,2.6666666666666665,3.0,4.533333333333334,3.333333333333333,0.3493333333333333,10.666666666666666,0.3213333333333333,3.0,50.36666666666667,10.666666666666666,0.5946666666666667,13.233333333333333,2.6666666666666665,15.333333333333336,0.4686666666666667,7.333333333333332,115,117,H,300,-400,3,2.7167283729445333,H
2021-01-09,25,16,0,102.7,57.9,24.66666666666667,6.499999999999999,3.333333333333333,114.06666666666663,80.53333333333333,38.66666666666666,0.5379999999999999,93.66666666666669,0.4546666666666666,42.66666666666666,29.0,0.8513333333333333,24.66666666666667,122.16666666666669,13.333333333333336,19.666666666666668,5.566666666666666,5.666666666666668,0.4293333333333334,40.333333333333336,0.3873333333333333,15.666666666666664,54.33333333333334,52.0,0.5893333333333334,10.066666666666668,12.0,53.33333333333334,0.5063333333333334,27.0,101.9,73.36666666666667,5.666666666666668,10.6,2.0,105.06666666666668,80.66666666666667,10.333333333333334,0.4756666666666667,23.0,0.39033333333333337,9.0,3.333333333333333,0.8889999999999999,2.6666666666666665,100.0,3.0,4.0,9.166666666666666,2.0,0.35266666666666663,11.666666666666664,0.261,3.0,48.76666666666667,13.333333333333336,0.5,12.366666666666667,3.6666666666666665,11.333333333333336,0.5113333333333333,6.0,105,113,H,-210,175,3,0.0,H
2021-01-09,11,6,0,94.36666666666667,62.26666666666668,24.66666666666667,10.500000000000002,5.666666666666668,105.20000000000003,79.56666666666669,35.333333333333336,0.5703333333333332,83.33333333333333,0.47700000000000004,39.66666666666666,14.666666666666664,0.6890000000000001,10.666666666666666,108.53333333333336,7.0,20.666666666666668,4.966666666666667,5.0,0.4773333333333334,40.0,0.4043333333333334,15.666666666666664,49.33333333333334,42.333333333333336,0.5899999999999999,16.133333333333336,17.333333333333332,43.33333333333334,0.5626666666666666,24.0,97.33333333333331,60.46666666666668,6.0,8.799999999999997,0.6666666666666666,107.06666666666668,78.40000000000002,8.666666666666666,0.5383333333333334,21.33333333333333,0.4713333333333334,9.666666666666666,7.0,0.5333333333333333,3.6666666666666665,114.63333333333333,4.333333333333333,4.333333333333333,9.533333333333333,2.0,0.4183333333333333,5.333333333333333,0.5276666666666667,2.6666666666666665,46.20000000000001,13.0,0.5776666666666667,9.566666666666666,5.333333333333333,16.0,0.4643333333333334,7.0,125,117,V,135,-155,3,3.049702512905266,H
2021-01-09,20,8,0,98.56666666666668,61.93333333333334,25.66666666666667,8.533333333333333,5.333333333333333,108.4,79.46666666666665,36.66666666666666,0.5353333333333333,92.33333333333331,0.4506666666666668,41.66666666666666,12.0,0.8893333333333332,10.666666666666666,111.5,7.0,17.0,6.133333333333336,6.0,0.4003333333333334,37.0,0.421,15.666666666666664,46.83333333333334,43.66666666666666,0.5603333333333332,9.566666666666668,10.333333333333334,55.33333333333334,0.4706666666666667,26.0,100.13333333333333,58.16666666666666,8.0,8.933333333333334,0.0,118.09999999999998,77.06666666666666,9.333333333333334,0.5403333333333333,25.0,0.5066666666666667,12.666666666666664,5.0,0.6670000000000001,3.333333333333333,109.66666666666669,2.0,4.0,8.666666666666666,0.6666666666666666,0.4133333333333333,9.0,0.5589999999999999,4.666666666666667,49.26666666666667,11.333333333333336,0.5683333333333334,13.4,1.0,16.0,0.4816666666666667,8.0,125,122,V,-210,175,3,0.0,H
2021-01-09,4,15,0,92.06666666666663,64.66666666666667,22.66666666666667,6.966666666666668,3.6666666666666665,107.86666666666662,70.76666666666667,29.33333333333333,0.4773333333333333,83.0,0.4226666666666667,35.0,18.0,0.6126666666666666,11.333333333333336,98.09999999999998,9.666666666666666,15.666666666666664,11.6,10.666666666666666,0.3383333333333334,28.0,0.3146666666666667,9.0,44.63333333333333,39.0,0.4976666666666668,12.533333333333326,13.0,55.0,0.4716666666666667,26.0,102.86666666666666,59.20000000000001,7.333333333333332,8.466666666666667,2.0,116.96666666666668,79.16666666666667,8.666666666666666,0.608,23.66666666666667,0.4406666666666667,10.333333333333334,4.666666666666667,0.8333333333333334,3.6666666666666665,120.93333333333337,1.6666666666666667,5.0,5.166666666666667,1.3333333333333333,0.43566666666666665,14.333333333333336,0.4586666666666668,6.666666666666668,52.9,10.333333333333334,0.6280000000000002,13.200000000000005,3.333333333333333,9.333333333333334,0.4116666666666666,3.6666666666666665,90,100,H,700,-1100,3,0.0,H
2021-01-09,12,19,0,104.3,46.76666666666667,17.666666666666668,5.833333333333332,3.0,116.0,80.63333333333334,35.666666666666664,0.511,88.66666666666669,0.4246666666666666,37.66666666666666,32.333333333333336,0.8026666666666666,26.0,111.73333333333336,8.333333333333334,23.66666666666667,7.3,7.666666666666668,0.4686666666666667,41.333333333333336,0.3690000000000001,15.333333333333336,47.76666666666667,44.0,0.568,11.333333333333336,13.0,47.33333333333334,0.4749999999999999,22.33333333333333,98.76666666666664,71.26666666666667,7.666666666666668,8.3,0.3333333333333333,129.29999999999998,72.26666666666667,5.333333333333333,0.609,23.66666666666667,0.5333333333333334,12.666666666666664,3.6666666666666665,0.8610000000000001,3.0,126.93333333333337,3.333333333333333,3.6666666666666665,8.766666666666667,2.6666666666666665,0.39266666666666666,9.0,0.32666666666666666,3.0,44.46666666666667,8.666666666666666,0.6279999999999999,8.566666666666668,4.0,14.666666666666664,0.6353333333333334,9.666666666666666,125,99,V,-240,200,3,0.0,H
2021-01-10,3,23,0,98.63333333333335,59.7,26.66666666666667,7.033333333333334,3.333333333333333,119.36666666666666,76.63333333333334,35.333333333333336,0.5629999999999998,91.66666666666669,0.4906666666666668,45.0,15.666666666666664,0.8540000000000001,13.333333333333336,118.33333333333331,10.0,21.0,6.133333333333333,6.0,0.389,35.666666666666664,0.375,13.333333333333336,51.63333333333335,45.33333333333334,0.5916666666666667,12.166666666666664,13.666666666666664,56.0,0.5646666666666668,31.66666666666667,98.8,66.43333333333332,7.666666666666668,15.966666666666667,0.6666666666666666,108.73333333333332,81.13333333333334,7.666666666666668,0.6003333333333334,22.0,0.4963333333333333,11.0,3.6666666666666665,0.8610000000000001,3.0,123.06666666666666,2.0,3.333333333333333,8.366666666666667,2.0,0.38633333333333336,9.666666666666666,0.5453333333333333,5.333333333333333,52.7,9.666666666666666,0.6263333333333334,11.033333333333333,2.6666666666666665,12.333333333333336,0.45399999999999996,5.666666666666668,127,130,H,475,-750,3,2.5612777737334493,H
2021-01-10,26,0,0,98.9,60.36666666666665,21.33333333333333,8.266666666666667,5.0,106.7,83.86666666666666,39.0,0.5060000000000001,84.33333333333333,0.4213333333333334,35.666666666666664,21.33333333333333,0.7069999999999999,15.0,101.7,7.0,17.333333333333332,5.966666666666666,6.0,0.5093333333333333,42.66666666666666,0.336,14.333333333333336,47.76666666666667,46.0,0.5366666666666666,12.5,13.333333333333336,41.66666666666666,0.5123333333333333,21.33333333333333,106.53333333333336,63.43333333333334,5.0,10.666666666666664,1.0,102.5,82.83333333333331,9.666666666666666,0.5816666666666667,25.33333333333333,0.319,8.333333333333334,5.0,0.8333333333333334,4.0,117.26666666666668,2.0,4.0,8.46666666666667,0.6666666666666666,0.38766666666666666,8.333333333333334,0.2696666666666667,2.333333333333333,52.1,11.666666666666664,0.617,12.66666666666667,2.0,17.0,0.3443333333333332,6.0,129,116,V,300,-400,3,0.0,H
2021-01-10,5,18,0,97.7,66.39999999999999,29.66666666666667,8.633333333333333,5.333333333333333,114.93333333333334,69.86666666666667,30.66666666666667,0.59,87.66666666666669,0.5106666666666667,44.66666666666666,18.666666666666668,0.7936666666666667,14.666666666666664,120.83333333333331,11.666666666666664,13.666666666666664,8.233333333333334,8.0,0.40066666666666667,35.333333333333336,0.393,14.0,51.36666666666667,42.333333333333336,0.6156666666666667,15.133333333333333,17.0,52.33333333333334,0.585,30.66666666666667,97.46666666666664,54.5,5.0,10.266666666666666,1.6666666666666667,106.36666666666667,74.43333333333331,9.666666666666666,0.5343333333333333,24.0,0.38866666666666666,9.333333333333334,3.333333333333333,0.45,2.0,112.93333333333332,2.0,3.6666666666666665,8.266666666666667,1.0,0.285,10.666666666666666,0.2273333333333333,2.333333333333333,48.96666666666668,11.666666666666664,0.5623333333333334,9.433333333333334,2.0,13.333333333333336,0.5206666666666667,7.0,114,89,V,-210,175,3,7.53311748680459,H
2021-01-10,1,28,0,97.36666666666667,62.53333333333333,25.0,11.633333333333335,6.666666666666668,98.96666666666664,82.03333333333333,40.66666666666666,0.4973333333333334,92.33333333333331,0.4346666666666668,40.0,15.333333333333336,0.7893333333333333,12.0,106.6,12.333333333333336,16.333333333333332,8.266666666666666,8.0,0.3586666666666667,33.0,0.3523333333333333,11.666666666666664,54.53333333333334,53.0,0.5236666666666667,11.866666666666665,13.333333333333336,59.33333333333334,0.484,28.33333333333333,95.9,55.03333333333333,3.6666666666666665,12.9,1.0,103.36666666666667,77.03333333333333,8.666666666666666,0.5556666666666666,21.66666666666667,0.4226666666666668,9.333333333333334,7.666666666666668,0.9443333333333334,7.333333333333332,116.0,4.666666666666667,5.666666666666668,7.2666666666666675,1.3333333333333333,0.5136666666666666,7.0,0.3943333333333333,2.6666666666666665,48.33333333333334,13.333333333333336,0.5960000000000001,10.533333333333337,4.333333333333333,14.666666666666664,0.4536666666666667,6.666666666666668,120,102,V,-150,130,3,0.0,H
2021-01-10,20,8,0,96.90000000000002,55.8,24.33333333333333,5.266666666666667,3.0,114.4,79.39999999999998,34.333333333333336,0.539,96.33333333333331,0.4536666666666667,43.66666666666666,19.0,0.8319999999999999,16.0,119.43333333333334,9.666666666666666,15.666666666666664,7.000000000000003,7.0,0.37133333333333335,35.666666666666664,0.4543333333333333,16.333333333333332,47.46666666666667,44.0,0.5723333333333332,6.566666666666667,7.333333333333332,60.66666666666666,0.4506666666666668,27.33333333333333,99.26666666666664,56.36666666666667,7.333333333333332,9.433333333333332,0.3333333333333333,123.2333333333333,75.10000000000002,7.666666666666668,0.5683333333333332,25.0,0.4513333333333334,11.333333333333336,5.333333333333333,0.6946666666666669,3.6666666666666665,110.5,2.333333333333333,3.6666666666666665,6.933333333333333,1.0,0.3623333333333333,11.0,0.4756666666666667,5.0,49.36666666666667,10.0,0.5803333333333334,14.566666666666668,0.6666666666666666,14.0,0.43533333333333335,6.333333333333332,88,96,H,-145,125,3,5.9997033714162376,H
2021-01-10,13,29,0,96.83333333333331,52.70000000000001,23.0,10.366666666666664,4.666666666666667,126.06666666666666,79.86666666666666,31.33333333333333,0.5896666666666667,87.0,0.498,43.33333333333334,27.0,0.8333333333333334,22.33333333333333,128.9333333333333,10.666666666666666,22.66666666666667,6.8666666666666645,6.666666666666668,0.4663333333333334,40.66666666666666,0.4016666666666666,16.0,52.63333333333333,42.0,0.6323333333333333,10.000000000000002,11.0,46.33333333333334,0.5869999999999999,27.33333333333333,99.66666666666669,68.99999999999999,4.666666666666667,6.999999999999999,1.3333333333333333,107.13333333333333,74.66666666666669,10.333333333333334,0.5846666666666668,21.66666666666667,0.392,8.666666666666666,5.333333333333333,0.8889999999999999,4.0,117.76666666666664,3.6666666666666665,5.0,9.333333333333334,1.3333333333333333,0.4306666666666666,7.666666666666668,0.324,2.333333333333333,46.96666666666666,14.0,0.6126666666666667,12.0,4.666666666666667,14.0,0.4293333333333333,6.333333333333332,105,106,H,-145,125,3,0.0,V
2021-01-11,7,4,0,100.96666666666664,63.9,26.66666666666667,7.866666666666667,4.333333333333333,105.2,76.96666666666665,36.66666666666666,0.5046666666666667,93.66666666666669,0.44566666666666666,41.66666666666666,21.33333333333333,0.7596666666666666,16.0,105.73333333333332,13.333333333333336,16.0,8.933333333333332,9.333333333333334,0.3613333333333333,33.666666666666664,0.32566666666666666,11.0,52.79999999999999,50.0,0.5366666666666667,15.266666666666666,18.666666666666668,60.0,0.5166666666666667,30.66666666666667,99.16666666666669,69.10000000000001,8.333333333333334,13.1,3.0,101.73333333333332,77.23333333333333,10.666666666666666,0.5296666666666666,22.0,0.439,9.666666666666666,2.6666666666666665,0.6666666666666666,2.333333333333333,108.86666666666667,2.333333333333333,3.6666666666666665,12.766666666666667,3.0,0.32066666666666666,9.333333333333334,0.4103333333333334,3.6666666666666665,52.83333333333334,13.0,0.5579999999999999,13.833333333333336,5.0,12.666666666666664,0.474,6.0,101,91,V,-145,125,3,5.9603473572331565,H
2021-01-11,11,22,0,95.26666666666668,65.03333333333335,27.0,7.566666666666667,4.333333333333333,111.76666666666672,77.96666666666668,35.333333333333336,0.5653333333333332,86.66666666666669,0.4773333333333333,41.333333333333336,17.0,0.789,14.0,114.0,6.666666666666668,20.666666666666668,5.266666666666667,5.333333333333333,0.4916666666666667,42.66666666666666,0.3626666666666667,15.333333333333336,48.13333333333335,42.0,0.5953333333333332,11.933333333333335,13.0,44.0,0.5943333333333333,26.0,106.5,62.899999999999984,10.0,7.633333333333335,0.0,117.66666666666664,80.16666666666667,7.0,0.5343333333333333,24.66666666666667,0.573,14.0,4.333333333333333,0.7223333333333333,3.0,112.9666666666667,2.333333333333333,6.333333333333332,7.2,0.6666666666666666,0.39633333333333337,11.333333333333336,0.589,6.666666666666668,46.90000000000001,9.333333333333334,0.5850000000000001,11.266666666666666,3.333333333333333,13.333333333333336,0.5686666666666665,7.333333333333332,107,128,H,-260,215,3,0.0,H
2021-01-11,15,9,0,102.40000000000002,62.06666666666666,27.33333333333333,9.133333333333336,4.333333333333333,112.8,81.6,31.0,0.5503333333333335,96.33333333333331,0.4593333333333332,44.0,19.0,0.8380000000000001,15.333333333333336,117.8,14.333333333333336,22.66666666666667,11.366666666666667,11.666666666666664,0.452,43.33333333333334,0.3810000000000001,17.333333333333332,52.13333333333333,45.33333333333334,0.5803333333333334,11.6,13.666666666666664,53.0,0.5086666666666665,26.66666666666667,94.53333333333332,53.46666666666668,4.666666666666667,7.099999999999999,1.0,100.26666666666668,79.96666666666667,10.333333333333334,0.5006666666666666,20.33333333333333,0.3963333333333333,8.0,7.0,0.7916666666666666,6.0,108.46666666666664,1.6666666666666667,3.333333333333333,7.033333333333334,2.0,0.3653333333333333,7.333333333333332,0.16666666666666666,1.3333333333333333,53.66666666666666,12.0,0.5256666666666666,12.1,4.0,13.0,0.511,6.666666666666668,121,99,V,-500,350,3,3.865569724041518,V
2021-01-11,18,16,0,96.33333333333331,60.29999999999999,23.33333333333333,9.733333333333333,4.0,107.36666666666672,82.56666666666669,38.0,0.5020000000000001,85.33333333333333,0.4586666666666667,39.0,19.33333333333333,0.7896666666666668,15.333333333333336,104.86666666666666,10.0,19.33333333333333,6.5,6.333333333333332,0.327,28.0,0.2866666666666666,7.333333333333332,53.93333333333334,48.0,0.5383333333333336,13.800000000000002,15.0,57.33333333333334,0.5519999999999999,31.66666666666667,98.96666666666664,71.53333333333335,5.0,10.666666666666666,1.6666666666666667,106.90000000000002,76.93333333333331,9.666666666666666,0.5253333333333333,24.0,0.37333333333333335,9.0,3.333333333333333,0.8889999999999999,2.6666666666666665,105.23333333333332,4.0,3.6666666666666665,9.133333333333333,1.3333333333333333,0.381,12.666666666666664,0.3226666666666667,4.0,49.0,13.666666666666664,0.5483333333333333,13.633333333333335,3.6666666666666665,11.333333333333336,0.44,5.0,88,109,H,170,-200,3,2.8013889772262064,H
2021-01-11,10,25,0,104.33333333333331,60.36666666666667,23.33333333333333,10.766666666666666,7.0,106.03333333333336,78.63333333333331,40.333333333333336,0.5276666666666667,85.66666666666667,0.4576666666666666,39.333333333333336,19.0,0.8313333333333333,15.666666666666664,101.90000000000002,6.333333333333332,22.33333333333333,7.100000000000001,7.333333333333332,0.37666666666666665,32.0,0.3750000000000001,12.0,49.6,46.66666666666666,0.5643333333333334,16.3,18.33333333333333,53.66666666666666,0.5083333333333334,27.33333333333333,97.56666666666663,64.10000000000001,6.666666666666668,4.4,1.3333333333333333,106.2666666666667,75.63333333333333,11.333333333333336,0.46799999999999997,25.33333333333333,0.462,11.666666666666664,2.6666666666666665,0.6666666666666666,2.333333333333333,100.16666666666664,3.6666666666666665,4.0,6.533333333333334,2.333333333333333,0.383,6.333333333333332,0.28800000000000003,2.0,50.66666666666666,15.0,0.4983333333333334,13.233333333333334,3.333333333333333,19.0,0.4920000000000001,9.666666666666666,94,112,H,195,-235,3,6.3382499347096735,V
2021-01-11,13,12,0,97.5333333333333,51.36666666666667,22.66666666666667,14.5,6.666666666666668,120.53333333333336,81.96666666666668,33.0,0.5826666666666666,88.66666666666669,0.494,43.66666666666666,25.33333333333333,0.7243333333333334,18.33333333333333,124.43333333333332,11.666666666666664,20.33333333333333,7.499999999999997,7.333333333333332,0.4226666666666668,37.333333333333336,0.4183333333333332,15.666666666666664,54.0,44.66666666666666,0.6099999999999999,10.200000000000003,11.333333333333336,51.33333333333334,0.5503333333333336,28.0,101.2,55.79999999999999,7.333333333333332,9.033333333333333,0.6666666666666666,112.73333333333336,75.2,9.666666666666666,0.5713333333333334,23.33333333333333,0.46,10.333333333333334,3.333333333333333,0.9166666666666666,3.0,118.0,1.0,5.666666666666668,8.899999999999997,1.3333333333333333,0.48,10.0,0.3523333333333333,3.333333333333333,48.8,10.666666666666666,0.5923333333333334,11.066666666666668,3.6666666666666665,13.333333333333336,0.5373333333333333,7.0,111,112,H,170,-200,3,7.4891285690532765,V
2021-01-12,14,10,0,103.56666666666666,66.03333333333333,25.66666666666667,5.566666666666666,3.0,105.86666666666667,84.83333333333333,41.0,0.5153333333333333,84.66666666666667,0.4576666666666667,39.0,23.33333333333333,0.777,18.0,101.76666666666668,7.333333333333332,23.0,7.866666666666667,8.0,0.37533333333333335,32.0,0.3113333333333333,10.0,52.6,48.33333333333334,0.555,15.433333333333332,17.333333333333332,52.66666666666666,0.5483333333333333,29.0,102.56666666666668,64.4666666666667,6.333333333333332,9.366666666666664,1.3333333333333333,114.16666666666669,75.96666666666667,9.666666666666666,0.5803333333333335,20.666666666666668,0.454,9.333333333333334,4.666666666666667,0.7460000000000001,3.333333333333333,117.16666666666669,1.3333333333333333,3.333333333333333,7.8,1.3333333333333333,0.3449999999999999,6.666666666666668,0.3333333333333334,2.0,51.83333333333334,11.0,0.593,12.000000000000002,3.333333333333333,14.0,0.5293333333333334,7.333333333333332,134,137,H,280,-360,3,3.1452268184734313,H
2021-01-12,21,4,0,96.3,53.96666666666667,22.66666666666667,13.06666666666667,7.333333333333332,108.93333333333332,79.0,39.66666666666666,0.5480000000000002,90.0,0.4573333333333333,41.333333333333336,15.333333333333336,0.6139999999999999,9.666666666666666,112.76666666666668,12.333333333333336,16.666666666666668,4.766666666666665,4.666666666666667,0.4856666666666668,44.0,0.3680000000000001,16.666666666666668,54.06666666666666,52.0,0.5613333333333334,11.6,12.666666666666664,46.0,0.5363333333333332,24.66666666666667,96.53333333333336,62.50000000000001,8.333333333333334,14.966666666666667,3.0,100.3,76.5,10.666666666666666,0.4993333333333334,20.33333333333333,0.45799999999999996,9.333333333333334,5.666666666666668,0.8666666666666667,4.333333333333333,101.56666666666668,1.6666666666666667,2.6666666666666665,12.766666666666673,2.333333333333333,0.3113333333333333,7.0,0.3193333333333333,2.6666666666666665,49.16666666666666,12.333333333333336,0.5193333333333333,13.966666666666667,4.666666666666667,13.333333333333336,0.4946666666666666,6.666666666666668,117,87,V,-1000,600,3,16.969548603858946,H
2021-01-12,5,0,0,95.2,62.96666666666666,28.33333333333333,8.4,5.0,105.26666666666668,72.76666666666667,31.66666666666667,0.5946666666666667,88.66666666666669,0.5083333333333334,45.0,16.0,0.7770000000000001,12.333333333333336,123.63333333333333,12.0,16.0,9.866666666666667,9.333333333333334,0.4243333333333333,37.66666666666666,0.405,15.333333333333336,52.4,43.66666666666666,0.6149999999999999,13.233333333333334,14.666666666666664,51.0,0.5813333333333334,29.66666666666667,105.1666666666667,60.43333333333334,4.0,7.733333333333332,0.6666666666666666,105.90000000000002,87.93333333333332,7.0,0.5766666666666667,23.0,0.3706666666666667,8.666666666666666,3.6666666666666665,0.9443333333333334,3.333333333333333,116.8,0.6666666666666666,3.6666666666666665,7.900000000000002,1.0,0.38933333333333336,8.0,0.28366666666666673,2.333333333333333,53.70000000000001,7.666666666666668,0.6043333333333334,11.900000000000004,3.0,15.0,0.4173333333333332,6.333333333333332,116,122,H,-105,-115,3,0.0,V
2021-01-12,20,26,0,96.56666666666668,57.79999999999999,23.66666666666667,6.333333333333332,3.6666666666666665,108.9,78.56666666666666,35.333333333333336,0.4933333333333334,95.66666666666669,0.4286666666666668,41.0,20.0,0.7799999999999999,16.0,110.13333333333333,9.0,16.666666666666668,5.300000000000002,5.333333333333333,0.3386666666666667,32.333333333333336,0.37666666666666665,12.333333333333336,46.46666666666667,44.33333333333334,0.5269999999999999,6.600000000000001,7.333333333333332,63.33333333333334,0.4536666666666667,28.66666666666667,99.59999999999998,59.66666666666666,7.0,8.333333333333334,1.0,114.1,74.86666666666667,10.0,0.5259999999999999,24.0,0.5266666666666667,12.666666666666664,4.0,0.468,2.0,98.90000000000002,3.0,3.0,6.066666666666666,2.0,0.4776666666666666,6.0,0.3333333333333333,2.0,45.86666666666667,13.0,0.5336666666666666,16.333333333333332,2.6666666666666665,18.0,0.5930000000000001,10.666666666666666,112,102,V,-135,115,3,6.843586843494654,H
2021-01-12,1,28,0,98.96666666666668,60.86666666666665,25.33333333333333,12.5,7.0,97.09999999999998,79.03333333333335,39.66666666666666,0.5256666666666666,89.0,0.4676666666666667,41.66666666666666,18.0,0.7683333333333332,13.666666666666664,108.46666666666664,10.333333333333334,17.333333333333332,9.699999999999998,9.666666666666666,0.35600000000000004,31.66666666666667,0.326,10.333333333333334,53.53333333333334,50.0,0.5526666666666666,12.833333333333336,14.333333333333336,57.33333333333334,0.5453333333333333,31.33333333333333,98.76666666666668,60.96666666666666,5.333333333333333,11.833333333333336,2.0,108.96666666666668,77.03333333333335,10.333333333333334,0.54,21.66666666666667,0.3790000000000001,8.333333333333334,6.333333333333332,1.0,6.333333333333332,113.16666666666669,3.333333333333333,5.0,6.033333333333332,3.333333333333333,0.4970000000000001,7.0,0.26099999999999995,2.0,47.06666666666666,13.666666666666664,0.5790000000000001,12.133333333333335,4.333333333333333,14.666666666666664,0.4353333333333334,6.333333333333332,117,100,V,-200,170,3,0.0,V
2021-01-12,6,29,0,102.7,63.93333333333334,30.66666666666667,8.1,5.0,109.73333333333332,74.9,34.666666666666664,0.5820000000000001,94.33333333333331,0.5093333333333333,48.0,16.666666666666668,0.7190000000000001,12.0,114.73333333333336,8.0,24.66666666666667,12.3,13.0,0.38866666666666666,36.66666666666666,0.3670000000000001,13.666666666666664,47.5,42.66666666666666,0.5986666666666666,12.1,14.0,57.66666666666666,0.59,34.333333333333336,96.7,68.49999999999999,6.0,9.1,2.333333333333333,109.7,72.86666666666669,9.666666666666666,0.5293333333333333,24.66666666666667,0.4103333333333333,10.0,2.6666666666666665,0.9166666666666666,2.333333333333333,111.19999999999996,4.0,4.333333333333333,8.766666666666667,2.0,0.448,9.0,0.324,2.6666666666666665,48.13333333333333,13.666666666666664,0.5656666666666667,13.1,3.0,15.666666666666664,0.4626666666666666,7.333333333333332,104,95,V,130,-150,3,0.0,V
2021-01-13,27,16,0,97.10000000000002,61.6,24.66666666666667,9.866666666666664,4.666666666666667,111.1,79.66666666666667,36.0,0.5513333333333333,85.66666666666667,0.4673333333333333,40.0,26.0,0.8093333333333333,20.666666666666668,114.59999999999998,9.333333333333334,26.33333333333333,7.166666666666668,7.333333333333332,0.4709999999999998,40.333333333333336,0.3573333333333333,14.333333333333336,51.26666666666666,45.33333333333334,0.5930000000000001,12.9,14.333333333333336,45.33333333333334,0.5656666666666667,25.66666666666667,95.03333333333336,68.96666666666667,5.0,13.133333333333333,1.3333333333333333,105.40000000000002,69.8,9.0,0.5489999999999999,23.0,0.422,9.666666666666666,3.0,0.9333333333333332,2.6666666666666665,110.83333333333331,4.0,4.0,9.466666666666667,0.6666666666666666,0.3996666666666666,10.666666666666666,0.33933333333333343,3.6666666666666665,45.63333333333333,13.0,0.5836666666666667,13.56666666666667,3.6666666666666665,12.333333333333336,0.49700000000000005,6.0,104,93,V,-145,125,3,0.0,H
2021-01-13,0,18,0,100.36666666666667,61.76666666666667,23.33333333333333,9.433333333333332,6.333333333333332,104.83333333333331,71.5,37.333333333333336,0.5746666666666668,79.66666666666667,0.4783333333333333,38.0,25.66666666666667,0.8236666666666667,21.0,112.36666666666667,6.333333333333332,17.333333333333332,5.0,5.0,0.446,35.666666666666664,0.44366666666666665,15.333333333333336,47.46666666666666,43.66666666666666,0.618,16.46666666666667,18.0,44.0,0.5156666666666666,22.66666666666667,94.5,54.73333333333333,5.0,8.6,1.0,111.36666666666667,77.33333333333333,10.0,0.4803333333333333,23.33333333333333,0.40399999999999997,9.333333333333334,3.0,0.5,2.0,102.19999999999996,1.3333333333333333,3.0,8.066666666666668,1.0,0.2736666666666667,9.0,0.3333333333333333,2.6666666666666665,47.13333333333335,11.333333333333336,0.5133333333333335,10.233333333333334,1.3333333333333333,14.333333333333336,0.4483333333333334,6.666666666666668,116,109,V,-140,120,3,1.9069753035039645,H
2021-01-13,1,26,0,102.53333333333336,61.99999999999999,26.0,16.833333333333332,9.333333333333334,95.53333333333332,82.03333333333335,42.0,0.544,87.33333333333331,0.4806666666666666,42.0,20.666666666666668,0.7573333333333333,15.333333333333336,107.36666666666666,10.0,18.33333333333333,9.666666666666666,10.0,0.35200000000000004,30.66666666666667,0.35766666666666663,11.0,55.93333333333334,52.0,0.5709999999999998,15.5,17.666666666666668,56.66666666666666,0.5456666666666666,31.0,99.86666666666666,58.83333333333334,7.333333333333332,7.7666666666666675,1.0,114.46666666666664,77.4,10.0,0.5006666666666666,24.33333333333333,0.52,12.666666666666664,4.333333333333333,0.6346666666666666,2.6666666666666665,96.2666666666667,2.6666666666666665,3.0,3.3666666666666667,1.0,0.4346666666666666,6.333333333333332,0.4206666666666667,2.6666666666666665,48.13333333333333,12.666666666666664,0.5186666666666667,15.766666666666666,1.3333333333333333,18.0,0.5516666666666666,10.0,128,99,V,-550,425,3,0.0,V
2021-01-13,7,8,0,99.13333333333333,74.7,30.66666666666667,9.133333333333333,5.0,103.8,77.36666666666666,34.333333333333336,0.5263333333333334,87.0,0.4736666666666667,41.0,18.666666666666668,0.7606666666666667,14.0,106.4,10.333333333333334,16.0,9.466666666666667,9.333333333333334,0.34800000000000003,30.66666666666667,0.294,9.333333333333334,51.86666666666665,44.66666666666666,0.555,15.3,17.333333333333332,56.33333333333334,0.5630000000000001,31.66666666666667,96.36666666666666,61.50000000000001,5.333333333333333,9.2,0.3333333333333333,112.43333333333332,76.0,8.333333333333334,0.5429999999999998,24.33333333333333,0.39799999999999996,9.666666666666666,5.666666666666668,0.6390000000000001,3.6666666666666665,109.13333333333333,2.333333333333333,3.333333333333333,6.133333333333333,1.0,0.33299999999999996,9.333333333333334,0.2673333333333333,3.333333333333333,50.56666666666667,10.666666666666666,0.5693333333333334,13.033333333333333,1.6666666666666667,15.0,0.4086666666666667,6.333333333333332,118,107,V,115,-135,3,0.0,V
2021-01-13,12,19,0,105.5,51.86666666666667,21.66666666666667,6.766666666666668,3.333333333333333,105.33333333333331,84.16666666666667,37.333333333333336,0.5193333333333333,96.66666666666669,0.4309999999999999,41.66666666666666,28.66666666666667,0.8083333333333332,23.0,116.90000000000002,9.666666666666666,27.0,8.833333333333334,9.333333333333334,0.4386666666666667,42.333333333333336,0.4020000000000001,17.0,49.40000000000001,47.0,0.565,8.366666666666665,10.0,54.33333333333334,0.4523333333333333,24.66666666666667,102.56666666666662,67.86666666666667,8.0,13.133333333333335,1.0,127.36666666666666,75.46666666666665,7.333333333333332,0.5886666666666667,23.33333333333333,0.5430000000000001,12.666666666666664,6.0,0.9443333333333334,5.666666666666668,113.60000000000002,1.6666666666666667,3.6666666666666665,6.233333333333337,3.333333333333333,0.39033333333333337,8.0,0.436,3.333333333333333,46.63333333333333,9.0,0.6156666666666667,13.366666666666667,2.6666666666666665,15.333333333333336,0.6153333333333334,9.333333333333334,132,126,V,-165,145,3,0.0,V
2021-01-13,24,23,0,94.7666666666667,52.99999999999999,19.666666666666668,8.633333333333335,3.0,106.63333333333334,82.8,36.0,0.5056666666666666,82.0,0.454,37.333333333333336,23.33333333333333,0.64,15.666666666666664,104.23333333333336,10.666666666666666,16.666666666666668,8.800000000000002,8.333333333333334,0.38566666666666666,31.66666666666667,0.25733333333333336,8.666666666666666,53.96666666666666,46.66666666666666,0.5349999999999998,14.833333333333336,16.0,50.33333333333334,0.5646666666666667,28.66666666666667,99.63333333333333,64.46666666666667,7.333333333333332,13.233333333333334,1.0,116.46666666666664,84.63333333333334,9.333333333333334,0.5913333333333334,21.33333333333333,0.5279999999999999,11.333333333333336,4.0,0.8213333333333335,3.0,124.0,1.6666666666666667,2.333333333333333,10.633333333333333,1.6666666666666667,0.4066666666666667,9.333333333333334,0.5640000000000001,5.333333333333333,50.63333333333333,11.0,0.6193333333333334,9.966666666666663,3.0,12.0,0.4943333333333334,6.0,106,111,H,340,-480,3,2.150402937728155,H
2021-01-14,14,10,0,102.59999999999998,64.96666666666665,26.33333333333333,7.3,3.6666666666666665,110.5,81.53333333333333,39.66666666666666,0.5169999999999999,91.66666666666669,0.4430000000000001,41.0,25.0,0.7603333333333334,19.0,107.43333333333334,9.666666666666666,23.0,6.133333333333334,6.333333333333332,0.4743333333333333,44.0,0.3076666666666667,14.0,51.16666666666666,49.33333333333334,0.5546666666666668,13.5,16.0,47.66666666666666,0.5643333333333334,27.0,102.83333333333336,61.166666666666686,5.333333333333333,9.999999999999998,1.0,120.56666666666666,72.06666666666666,8.0,0.5940000000000001,20.666666666666668,0.45399999999999996,9.333333333333334,6.0,0.7616666666666667,4.333333333333333,118.83333333333331,1.3333333333333333,3.333333333333333,8.466666666666667,1.6666666666666667,0.4123333333333333,9.333333333333334,0.3333333333333334,2.6666666666666665,51.56666666666666,9.333333333333334,0.608,13.466666666666667,4.0,11.333333333333336,0.6086666666666668,6.666666666666668,0,0,H,415,-630,3,0.0,H
2021-01-14,16,13,0,98.46666666666664,77.53333333333332,28.33333333333333,10.3,5.333333333333333,109.20000000000003,75.13333333333334,36.333333333333336,0.4993333333333334,86.0,0.4220000000000001,36.333333333333336,26.66666666666667,0.7816666666666666,21.0,109.06666666666666,10.666666666666666,19.33333333333333,8.533333333333337,8.333333333333334,0.4533333333333333,39.0,0.34,13.333333333333336,49.30000000000001,47.0,0.5473333333333333,11.700000000000005,13.0,47.0,0.4913333333333333,23.0,102.63333333333333,61.93333333333333,6.0,10.666666666666666,1.3333333333333333,104.2,77.16666666666667,10.333333333333334,0.4966666666666666,22.0,0.38433333333333336,8.333333333333334,4.333333333333333,0.75,2.333333333333333,101.63333333333333,3.0,6.0,9.7,2.333333333333333,0.5183333333333334,7.333333333333332,0.3473333333333333,2.333333333333333,45.36666666666667,13.333333333333336,0.5336666666666667,13.633333333333333,5.666666666666668,14.666666666666664,0.4023333333333334,6.0,0,0,H,270,-340,3,0.0,H
2021-01-14,28,20,0,100.5,57.6,23.66666666666667,10.8,6.666666666666668,117.36666666666667,77.43333333333334,33.0,0.5526666666666666,84.66666666666667,0.4836666666666667,41.0,27.0,0.7759999999999999,21.0,110.3,6.666666666666668,23.0,6.466666666666666,6.666666666666668,0.4083333333333334,34.666666666666664,0.3303333333333333,11.666666666666664,47.03333333333333,39.66666666666666,0.5930000000000001,14.0,15.666666666666664,50.0,0.5836666666666667,29.33333333333333,101.90000000000002,59.56666666666667,7.666666666666668,9.066666666666668,1.3333333333333333,117.66666666666669,76.46666666666667,10.333333333333334,0.4883333333333333,23.33333333333333,0.4930000000000001,11.333333333333336,4.0,0.8610000000000001,3.333333333333333,104.36666666666666,2.6666666666666665,3.6666666666666665,7.7666666666666675,1.6666666666666667,0.2856666666666667,9.0,0.5573333333333333,5.0,44.36666666666667,13.0,0.5206666666666667,9.0,3.0,14.333333333333336,0.4729999999999999,6.333333333333332,0,0,H,240,-290,3,0.0,H
2021-01-14,29,5,0,108.3,52.0,20.0,11.333333333333336,6.0,114.43333333333337,75.26666666666667,33.333333333333336,0.49200000000000005,93.0,0.4156666666666666,38.0,30.33333333333333,0.8206666666666665,24.66666666666667,105.86666666666667,8.0,24.33333333333333,9.1,10.0,0.447,41.66666666666666,0.343,14.0,44.0,41.333333333333336,0.5439999999999999,11.833333333333336,14.0,51.33333333333334,0.4743333333333333,24.0,96.96666666666664,61.2,6.666666666666668,2.6666666666666674,1.3333333333333333,114.96666666666668,79.83333333333334,9.0,0.5379999999999999,20.33333333333333,0.426,8.666666666666666,5.333333333333333,0.8966666666666668,4.666666666666667,113.96666666666664,1.3333333333333333,4.666666666666667,7.966666666666666,2.0,0.369,10.333333333333334,0.3686666666666668,4.0,50.76666666666667,10.333333333333334,0.5756666666666667,11.299999999999995,5.0,10.0,0.4946666666666668,4.666666666666667,0,0,H,165,-190,3,12.39407639083047,V
2021-01-14,6,12,0,100.83333333333331,64.36666666666666,28.0,10.866666666666665,6.333333333333332,107.93333333333332,76.40000000000002,34.666666666666664,0.544,92.66666666666669,0.4706666666666667,43.66666666666666,18.666666666666668,0.735,13.666666666666664,109.9666666666667,8.333333333333334,21.66666666666667,10.566666666666666,11.0,0.4013333333333333,37.333333333333336,0.35866666666666663,13.666666666666664,46.73333333333333,43.0,0.568,11.699999999999998,13.333333333333336,55.33333333333334,0.5426666666666667,30.0,101.7,52.46666666666666,6.333333333333332,9.9,1.0,111.10000000000002,77.76666666666667,9.666666666666666,0.5673333333333335,24.0,0.43966666666666665,10.333333333333334,3.0,0.9166666666666666,2.6666666666666665,116.1,1.3333333333333333,5.666666666666668,8.833333333333332,2.0,0.5016666666666666,11.333333333333336,0.3523333333333333,4.0,48.23333333333333,11.0,0.6006666666666667,11.633333333333335,4.0,12.666666666666664,0.5186666666666667,6.333333333333332,0,0,H,130,-150,3,0.0,H
