Date,VH,Team,Final,ML
1016,V,PHI,87,170
1016,H,BOS,105,-200
1016,V,OKC,100,711
1016,H,GSW,108,-1100
1017,V,MEM,83,263
1017,H,IND,111,-325
1017,V,MIL,113,-165
1017,H,CHO,112,144
1017,V,MIA,101,-135
1017,H,ORL,104,115
1017,V,BRK,100,211
1017,H,DET,103,-255
1017,V,ATL,107,148
1017,H,NYK,126,-170
1017,V,CLE,104,797
1017,H,TOR,116,-1300
1017,V,NOP,131,278
1017,H,HOU,112,-345
1017,V,MIN,108,125
1017,H,SAS,112,-145
1017,V,UTA,123,-400
1017,H,SAC,117,317
1017,V,DAL,100,-130
1017,H,PHO,121,110
1017,V,DEN,107,-125
1017,H,LAC,98,105
1018,V,CHI,108,733
1018,H,PHI,127,-1150
1018,V,MIA,113,215
1018,H,WAS,112,-260
1018,V,LAL,119,135
1018,H,POR,128,-155
1019,V,CHO,120,-125
1019,H,ORL,88,105
1019,V,NYK,105,148
1019,H,BRK,107,-170
1019,V,SAC,129,664
1019,H,NOP,149,-1000
1019,V,BOS,101,135
1019,H,TOR,113,-155
1019,V,CLE,123,334
1019,H,MIN,131,-425
1019,V,ATL,117,237
1019,H,MEM,131,-290
1019,V,IND,101,144
1019,H,MIL,118,-165
1019,V,GSW,124,-135
1019,H,UTA,123,115
1019,V,OKC,92,130
1019,H,LAC,108,-150
1020,V,TOR,117,110
1020,H,WAS,113,-130
1020,V,BRK,112,303
1020,H,IND,132,-380
1020,V,ORL,115,797
1020,H,PHI,116,-1300
1020,V,BOS,103,-500
1020,H,NYK,101,384
1020,V,CHO,113,135
1020,H,MIA,112,-155
1020,V,DET,118,-200
1020,H,CHI,116,170
1020,V,MIN,136,110
1020,H,DAL,140,-130
1020,V,PHO,91,459
1020,H,DEN,119,-620
1020,V,SAS,108,172
1020,H,POR,121,-205
1020,V,HOU,124,-160
1020,H,LAL,115,140
1021,V,ATL,133,303
1021,H,CLE,111,-380
1021,V,SAC,131,477
1021,H,OKC,120,-650
1021,V,GSW,98,-189
1021,H,DEN,100,163
1021,V,HOU,112,115
1021,H,LAC,115,-135
1022,V,CHO,106,317
1022,H,TOR,127,-400
1022,V,ORL,93,611
1022,H,BOS,90,-894
1022,V,IND,91,110
1022,H,MIN,101,-130
1022,V,NYK,113,614
1022,H,MIL,124,-900
1022,V,CHI,109,170
1022,H,DAL,115,-200
1022,V,MEM,92,506
1022,H,UTA,84,-700
1022,V,WAS,125,160
1022,H,POR,124,-185
1022,V,SAS,143,110
1022,H,LAL,142,-130
1022,V,PHO,103,797
1022,H,GSW,123,-1300
1023,V,PHI,132,-120
1023,H,DET,133,100
1023,V,LAC,109,203
1023,H,NOP,116,-245
1023,V,SAC,112,614
1023,H,DEN,126,-900
1024,V,BRK,102,125
1024,H,CLE,86,-145
1024,V,DAL,104,-130
1024,H,ATL,111,110
1024,V,NYK,87,300
1024,H,MIA,110,-400
1024,V,MIN,105,325
1024,H,TOR,112,-425
1024,V,CHO,110,-200
1024,H,CHI,112,170
1024,V,UTA,100,-105
1024,H,HOU,89,-115
1024,V,IND,116,105
1024,H,SAS,96,-125
1024,V,PHI,108,180
1024,H,MIL,123,-220
1024,V,LAL,131,-230
1024,H,PHO,113,185
1024,V,MEM,92,-140
1024,H,SAC,97,120
1024,V,WAS,122,450
1024,H,GSW,144,-650
1025,V,CLE,103,375
1025,H,DET,110,-500
1025,V,POR,128,-170
1025,H,ORL,114,145
1025,V,BOS,101,-110
1025,H,OKC,95,-110
1025,V,DEN,114,-120
1025,H,LAL,121,100
1026,V,CHI,106,450
1026,H,CHO,135,-650
1026,V,DAL,107,650
1026,H,TOR,116,-1000
1026,V,GSW,128,-1000
1026,H,NYK,100,650
1026,V,BRK,115,375
1026,H,NOP,117,-500
1026,V,LAC,133,150
1026,H,HOU,113,-180
1026,V,MIL,125,-130
1026,H,MIN,95,110
1026,V,WAS,112,-240
1026,H,SAC,116,190
1027,V,BOS,109,-160
1027,H,DET,89,140
1027,V,UTA,132,-260
1027,H,NOP,111,210
1027,V,CHO,103,230
1027,H,PHI,105,-280
1027,V,CHI,97,190
1027,H,ATL,85,-240
1027,V,IND,119,-350
1027,H,CLE,107,275
1027,V,POR,111,105
1027,H,MIA,120,-125
1027,V,PHO,96,275
1027,H,MEM,117,-350
1027,V,LAL,106,-115
1027,H,SAS,110,-105
1027,V,ORL,91,375
1027,H,MIL,113,-500
1028,V,GSW,120,-650
1028,H,BRK,114,450
1028,V,PHO,110,1000
1028,H,OKC,117,-2000
1028,V,UTA,113,-200
1028,H,DAL,104,170
1028,V,WAS,104,145
1028,H,LAC,136,-170
1029,V,ATL,92,650
1029,H,PHI,113,-1000
1029,V,POR,103,145
1029,H,IND,93,-170
1029,V,SAC,123,375
1029,H,MIA,113,-500
1029,V,BRK,96,100
1029,H,NYK,115,-120
1029,V,TOR,109,-130
1029,H,MIL,124,110
1029,V,GSW,149,-900
1029,H,CHI,124,600
1029,V,LAL,120,-125
1029,H,MIN,124,105
1029,V,DAL,108,250
1029,H,SAS,113,-310
1029,V,NOP,111,375
1029,H,DEN,116,-500
1030,V,ATL,114,172
1030,H,CLE,136,-205
1030,V,MIA,113,140
1030,H,CHO,125,-160
1030,V,SAC,107,170
1030,H,ORL,99,-200
1030,V,DET,105,371
1030,H,BOS,108,-480
1030,V,PHI,112,215
1030,H,TOR,129,-260
1030,V,POR,104,170
1030,H,HOU,85,-200
1030,V,LAC,110,144
1030,H,OKC,128,-165
1030,V,WAS,95,-105
1030,H,MEM,107,-115
1031,V,DET,119,110
1031,H,BRK,120,-130
1031,V,DEN,108,-400
1031,H,CHI,107,317
1031,V,IND,107,-256
1031,H,NYK,101,212
1031,V,UTA,125,-320
1031,H,MIN,128,260
1031,V,NOP,121,386
1031,H,GSW,131,-502
1031,V,SAS,120,-350
1031,H,PHO,90,281
1031,V,DAL,113,318
1031,H,LAL,114,-402
1101,V,OKC,111,100
1101,H,CHO,107,-120
1101,V,LAC,113,190
1101,H,PHI,122,-240
1101,V,DEN,110,-230
1101,H,CLE,91,185
1101,V,SAC,146,-135
1101,H,ATL,115,115
1101,V,MIL,113,120
1101,H,BOS,117,-140
1101,V,NOP,119,275
1101,H,POR,132,-350
1102,V,LAC,120,-170
1102,H,ORL,95,145
1102,V,HOU,119,-190
1102,H,BRK,111,160
1102,V,OKC,134,145
1102,H,WAS,111,-170
1102,V,IND,107,-310
1102,H,CHI,105,250
1102,V,NYK,118,200
1102,H,DAL,106,-250
1102,V,MEM,110,275
1102,H,UTA,100,-350
1102,V,TOR,107,-650
1102,H,PHO,98,450
1102,V,MIN,99,550
1102,H,GSW,116,-800
1103,V,DET,99,275
1103,H,PHI,109,-350
1103,V,BOS,101,-165
1103,H,IND,102,142
1103,V,CLE,94,450
1103,H,CHO,126,-650
1103,V,MIA,118,-240
1103,H,ATL,123,190
1103,V,HOU,96,-425
1103,H,CHI,88,325
1103,V,NOP,95,105
1103,H,SAS,109,-125
1103,V,UTA,88,160
1103,H,DEN,103,-190
1103,V,LAL,114,135
1103,H,POR,110,-155
1104,V,SAC,109,450
1104,H,MIL,144,-650
1104,V,PHI,97,-180
1104,H,BRK,122,150
1104,V,NYK,95,240
1104,H,WAS,108,-300
1104,V,ORL,117,280
1104,H,SAS,110,-360
1104,V,MEM,100,-190
1104,H,PHO,102,160
1104,V,MIN,81,225
1104,H,POR,111,-275
1104,V,TOR,121,105
1104,H,LAL,107,-125
1105,V,HOU,98,-110
1105,H,IND,94,-110
1105,V,MIA,120,130
1105,H,DET,115,-150
1105,V,CLE,100,150
1105,H,ORL,102,-180
1105,V,CHI,116,130
1105,H,NYK,115,-150
1105,V,NOP,116,140
1105,H,OKC,122,-160
1105,V,BOS,107,100
1105,H,DEN,115,-120
1105,V,TOR,124,135
1105,H,UTA,111,-155
1105,V,MEM,101,1000
1105,H,GSW,117,-2000
1105,V,MIN,109,190
1105,H,LAC,120,-240
1106,V,ATL,102,600
1106,H,CHO,113,-900
1106,V,WAS,100,-125
1106,H,DAL,119,105
1106,V,BRK,104,-140
1106,H,PHO,82,120
1106,V,MIL,103,-130
1106,H,POR,118,110
1107,V,DET,103,-155
1107,H,ORL,96,135
1107,V,OKC,95,-280
1107,H,CLE,86,230
1107,V,NYK,112,-120
1107,H,ATL,107,100
1107,V,SAS,88,-105
1107,H,MIA,95,-115
1107,V,DEN,87,-160
1107,H,MEM,89,140
1107,V,CHI,98,550
1107,H,NOP,107,-800
1107,V,PHI,100,125
1107,H,IND,94,-145
1107,V,DAL,102,400
1107,H,UTA,117,-550
1107,V,TOR,114,-550
1107,H,SAC,105,400
1107,V,MIN,110,220
1107,H,LAL,114,-270
1108,V,HOU,80,-210
1108,H,OKC,98,175
1108,V,BOS,116,-500
1108,H,PHO,109,375
1108,V,LAC,105,180
1108,H,POR,116,-220
1108,V,MIL,134,220
1108,H,GSW,111,-270
1109,V,WAS,108,-170
1109,H,ORL,117,145
1109,V,CHO,132,190
1109,H,PHI,133,-240
1109,V,DET,124,-250
1109,H,ATL,109,200
1109,V,IND,110,-135
1109,H,MIA,102,115
1109,V,BRK,112,350
1109,H,DEN,110,-450
1109,V,BOS,115,220
1109,H,UTA,123,-270
1109,V,MIN,110,-135
1109,H,SAC,121,115
1110,V,NYK,112,1000
1110,H,TOR,128,-2000
1110,V,MIL,126,-190
1110,H,LAC,128,160
1110,V,PHO,99,375
1110,H,NOP,119,-500
1110,V,CLE,98,170
1110,H,CHI,99,-200
1110,V,WAS,116,145
1110,H,MIA,110,-170
1110,V,PHI,106,170
1110,H,MEM,112,-200
1110,V,BRK,100,300
1110,H,GSW,116,-400
1110,V,HOU,89,-170
1110,H,SAS,96,145
1110,V,OKC,96,105
1110,H,DAL,111,-125
1110,V,LAL,101,-250
1110,H,SAC,86,200
1111,V,CHO,113,120
1111,H,DET,103,-140
1111,V,IND,103,125
1111,H,HOU,115,-145
1111,V,ORL,115,142
1111,H,NYK,89,-165
1111,V,MIL,121,140
1111,H,DEN,114,-160
1111,V,BOS,94,110
1111,H,POR,100,-130
1111,V,ATL,106,550
1111,H,LAL,107,-800
1112,V,ORL,109,280
1112,H,WAS,117,-360
1112,V,PHI,124,120
1112,H,MIA,114,-140
1112,V,NOP,126,400
1112,H,TOR,110,-550
1112,V,DAL,103,-140
1112,H,CHI,98,120
1112,V,UTA,96,-170
1112,H,MEM,88,145
1112,V,PHO,101,300
1112,H,OKC,118,-400
1112,V,BRK,113,145
1112,H,MIN,120,-170
1112,V,SAS,99,-140
1112,H,SAC,104,120
1112,V,GSW,116,-170
1112,H,LAC,121,145
1113,V,CHO,89,-450
1113,H,CLE,113,350
1113,V,HOU,109,150
1113,H,DEN,99,-180
1113,V,ATL,103,650
1113,H,GSW,110,-1000
1114,V,PHI,106,-240
1114,H,ORL,111,190
1114,V,CLE,95,700
1114,H,WAS,119,-1100
1114,V,CHI,82,800
1114,H,BOS,111,-1400
1114,V,DET,106,400
1114,H,TOR,104,-550
1114,V,MIA,120,-135
1114,H,BRK,107,115
1114,V,NYK,103,320
1114,H,OKC,128,-420
1114,V,NOP,100,-130
1114,H,MIN,107,110
1114,V,MEM,116,400
1114,H,MIL,113,-550
1114,V,UTA,68,-220
1114,H,DAL,118,180
1114,V,SAS,96,-250
1114,H,PHO,116,200
1114,V,POR,117,115
1114,H,LAL,126,-135
1115,V,GSW,86,160
1115,H,HOU,107,-190
1115,V,ATL,93,850
1115,H,DEN,138,-1500
1115,V,SAS,111,230
1115,H,LAC,116,-280
1116,V,BRK,115,220
1116,H,WAS,104,-270
1116,V,MIA,91,180
1116,H,IND,99,-220
1116,V,UTA,107,125
1116,H,PHI,113,-145
1116,V,TOR,116,115
1116,H,BOS,123,-135
1116,V,POR,96,100
1116,H,MIN,112,-120
1116,V,SAC,104,225
1116,H,MEM,112,-275
1116,V,NYK,124,500
1116,H,NOP,129,-700
1116,V,CHI,104,1000
1116,H,MIL,123,-2000
1117,V,LAC,127,-180
1117,H,BRK,119,150
1117,V,LAL,117,-185
1117,H,ORL,130,155
1117,V,ATL,89,550
1117,H,IND,97,-800
1117,V,DEN,115,-110
1117,H,NOP,125,-110
1117,V,PHI,122,125
1117,H,CHO,119,-145
1117,V,UTA,98,155
1117,H,BOS,86,-185
1117,V,SAC,112,750
1117,H,HOU,132,-1200
1117,V,TOR,122,-600
1117,H,CHI,83,425
1117,V,GSW,109,-135
1117,H,DAL,112,115
1117,V,OKC,110,-200
1117,H,PHO,100,170
1118,V,MEM,100,175
1118,H,MIN,87,-210
1118,V,POR,119,-125
1118,H,WAS,109,105
1118,V,LAL,113,-115
1118,H,MIA,97,-105
1118,V,NYK,117,170
1118,H,ORL,131,-200
1118,V,GSW,92,135
1118,H,SAS,104,-155
1119,V,BOS,112,-180
1119,H,CHO,117,150
1119,V,UTA,94,-180
1119,H,IND,121,150
1119,V,PHO,114,600
1119,H,PHI,119,-900
1119,V,CLE,102,400
1119,H,DET,113,-550
1119,V,LAC,127,-275
1119,H,ATL,119,225
1119,V,DEN,98,200
1119,H,MIL,104,-250
1119,V,SAS,126,260
1119,H,NOP,140,-330
1119,V,DAL,88,135
1119,H,MEM,98,-155
1119,V,OKC,113,-200
1119,H,SAC,117,170
1120,V,TOR,93,-330
1120,H,ORL,91,260
1120,V,LAC,118,-110
1120,H,WAS,125,-110
1120,V,POR,118,-300
1120,H,NYK,114,240
1120,V,BRK,104,125
1120,H,MIA,92,-145
1121,V,NOP,120,145
1121,H,PHI,121,-170
1121,V,IND,109,142
1121,H,CHO,127,-165
1121,V,TOR,124,-400
1121,H,ATL,108,300
1121,V,NYK,117,1000
1121,H,BOS,109,-2000
1121,V,DET,124,350
1121,H,HOU,126,-450
1121,V,POR,100,260
1121,H,MIL,143,-330
1121,V,DEN,103,-110
1121,H,MIN,101,-110
1121,V,PHO,116,-120
1121,H,CHI,124,100
1121,V,LAL,109,-500
1121,H,CLE,105,375
1121,V,MEM,104,135
1121,H,SAS,103,-155
1121,V,BRK,113,180
1121,H,DAL,119,-220
1121,V,SAC,119,400
1121,H,UTA,110,-550
1121,V,OKC,123,-110
1121,H,GSW,95,-110
1123,V,MIN,112,-125
1123,H,BRK,102,105
1123,V,MEM,107,155
1123,H,LAC,112,-179
1123,V,HOU,111,-180
1123,H,DET,116,155
1123,V,NOP,109,-300
1123,H,NYK,114,245
1123,V,CLE,121,797
1123,H,PHI,112,-1300
1123,V,WAS,107,435
1123,H,TOR,125,-580
1123,V,BOS,114,-350
1123,H,ATL,96,281
1123,V,MIA,103,-170
1123,H,CHI,96,148
1123,V,SAS,111,105
1123,H,IND,100,-125
1123,V,CHO,104,227
1123,H,OKC,109,-277
1123,V,PHO,116,837
1123,H,MIL,114,-1400
1123,V,ORL,87,317
1123,H,DEN,112,-400
1123,V,UTA,83,125
1123,H,LAL,90,-145
1123,V,POR,97,-107
1123,H,GSW,125,-114
1124,V,HOU,108,-330
1124,H,CLE,117,267
1124,V,NOP,114,139
1124,H,WAS,124,-159
1124,V,CHI,96,520
1124,H,MIN,111,-725
1124,V,DEN,105,199
1124,H,OKC,98,-240
1124,V,SAS,129,398
1124,H,MIL,135,-522
1124,V,SAC,116,222
1124,H,GSW,117,-270
1124,V,BOS,104,-140
1124,H,DAL,113,120
1125,V,ORL,108,275
1125,H,LAL,104,-350
1125,V,PHO,107,300
1125,H,DET,118,-400
1125,V,MIA,115,650
1125,H,TOR,125,-1000
1125,V,PHI,127,-200
1125,H,BRK,125,170
1125,V,NYK,103,285
1125,H,MEM,98,-370
1125,V,CHO,123,-300
1125,H,ATL,124,240
1125,V,UTA,133,-180
1125,H,SAC,112,150
1125,V,LAC,104,150
1125,H,POR,100,-180
1126,V,MIN,102,-240
1126,H,CLE,95,190
1126,V,MIL,107,-200
1126,H,CHO,110,170
1126,V,HOU,131,105
1126,H,WAS,135,-125
1126,V,SAS,108,-280
1126,H,CHI,107,230
1126,V,BOS,124,110
1126,H,NOP,107,-130
1126,V,IND,121,170
1126,H,UTA,88,-200
1126,V,ORL,110,240
1126,H,GSW,116,-300
1127,V,NYK,108,275
1127,H,DET,115,-350
1127,V,ATL,115,260
1127,H,MIA,113,-330
1127,V,TOR,122,-250
1127,H,MEM,114,200
1127,V,IND,109,-145
1127,H,PHO,104,125
1127,V,LAL,85,130
1127,H,DEN,117,-150
1128,V,NYK,91,750
1128,H,PHI,117,-1200
1128,V,ATL,94,650
1128,H,CHO,108,-1000
1128,V,UTA,101,-170
1128,H,BRK,91,145
1128,V,SAS,89,155
1128,H,MIN,128,-185
1128,V,DAL,128,200
1128,H,HOU,108,-250
1128,V,CHI,113,1100
1128,H,MIL,116,-2500
1128,V,CLE,83,750
1128,H,OKC,100,-1200
1128,V,WAS,104,230
1128,H,NOP,125,-280
1128,V,ORL,112,400
1128,H,POR,115,-550
1128,V,PHO,99,600
1128,H,LAC,115,-900
1129,V,GSW,128,375
1129,H,TOR,131,-500
1129,V,LAC,133,-135
1129,H,SAC,121,115
1129,V,IND,96,180
1129,H,LAL,104,-220
1130,V,WAS,98,340
1130,H,PHI,123,-440
1130,V,CHI,88,340
1130,H,DET,107,-440
1130,V,CLE,95,850
1130,H,BOS,128,-1500
1130,V,UTA,119,110
1130,H,CHO,111,-130
1130,V,MEM,131,-145
1130,H,BRK,125,125
1130,V,NOP,101,-150
1130,H,MIA,106,130
1130,V,HOU,136,-180
1130,H,SAS,105,150
1130,V,ATL,109,850
1130,H,OKC,124,-1500
1130,V,ORL,99,-190
1130,H,PHO,85,160
1130,V,DAL,103,150
1130,H,LAL,114,-180
1130,V,DEN,113,105
1130,H,POR,112,-125
1201,V,MIL,134,-425
1201,H,NYK,136,325
1201,V,GSW,102,-210
1201,H,DET,111,175
1201,V,BRK,88,225
1201,H,WAS,102,-275
1201,V,BOS,118,105
1201,H,MIN,109,-125
1201,V,CHI,105,900
1201,H,HOU,121,-1600
1201,V,TOR,106,-1200
1201,H,CLE,95,750
1201,V,IND,110,-125
1201,H,SAC,111,105
1202,V,PHO,96,600
1202,H,LAL,120,-900
1202,V,NOP,119,130
1202,H,CHO,109,-150
1202,V,MEM,95,225
1202,H,PHI,103,-275
1202,V,UTA,100,-180
1202,H,MIA,102,150
1202,V,POR,118,-110
1202,H,SAS,131,-110
1202,V,LAC,110,-160
1202,H,DAL,114,140
1203,V,OKC,110,-135
1203,H,DET,83,115
1203,V,WAS,110,-130
1203,H,NYK,107,110
1203,V,GSW,128,-800
1203,H,ATL,111,550
1203,V,DEN,106,240
1203,H,TOR,103,-300
1203,V,CLE,99,210
1203,H,BRK,97,-260
1203,V,HOU,91,-140
1203,H,MIN,103,120
1203,V,LAC,129,105
1203,H,NOP,126,-125
1204,V,CHI,90,320
1204,H,IND,96,-420
1204,V,ORL,105,125
1204,H,MIA,90,-145
1204,V,POR,102,105
1204,H,DAL,111,-125
1204,V,SAC,122,-240
1204,H,PHO,105,190
1204,V,SAS,105,275
1204,H,UTA,139,-350
1205,V,GSW,129,-850
1205,H,CLE,105,575
1205,V,DEN,124,-200
1205,H,ORL,118,170
1205,V,WAS,131,-160
1205,H,ATL,117,140
1205,V,OKC,114,-270
1205,H,BRK,112,220
1205,V,CHO,104,170
1205,H,MIN,121,-200
1205,V,PHI,102,220
1205,H,TOR,113,-270
1205,V,DET,92,260
1205,H,MIL,115,-330
1205,V,DAL,106,180
1205,H,NOP,132,-220
1205,V,LAC,86,110
1205,H,MEM,96,-130
1205,V,SAS,113,300
1205,H,LAL,121,-400
1206,V,NYK,100,850
1206,H,BOS,128,-1500
1206,V,PHO,86,800
1206,H,POR,108,-1400
1206,V,HOU,91,105
1206,H,UTA,118,-125
1207,V,PHI,117,115
1207,H,DET,111,-135
1207,V,IND,112,145
1207,H,ORL,90,-170
1207,V,DEN,107,100
1207,H,CHO,113,-120
1207,V,SAC,129,-155
1207,H,CLE,110,135
1207,V,TOR,105,-420
1207,H,BRK,106,320
1207,V,MEM,107,190
1207,H,NOP,103,-240
1207,V,OKC,112,-500
1207,H,CHI,114,375
1207,V,LAL,120,-120
1207,H,SAS,133,100
1207,V,MIA,115,-420
1207,H,PHO,98,320
1207,V,GSW,105,110
1207,H,MIL,95,-130
1208,V,HOU,104,-169
1208,H,DAL,107,146
1208,V,SAC,97,172
1208,H,IND,107,-205
1208,V,DEN,98,-230
1208,H,ATL,106,192
1208,V,WAS,101,-350
1208,H,CLE,116,281
1208,V,BRK,112,105
1208,H,NYK,104,-125
1208,V,BOS,133,-345
1208,H,CHI,77,278
1208,V,LAL,111,120
1208,H,MEM,88,-140
1208,V,MIN,105,144
1208,H,POR,113,-165
1208,V,MIA,121,428
1208,H,LAC,98,-570
1209,V,NOP,116,-140
1209,H,DET,108,120
1209,V,MIL,104,175
1209,H,TOR,99,-210
1209,V,UTA,97,-180
1209,H,SAS,110,150
1209,V,CHO,119,-250
1209,H,NYK,107,200
1210,V,WAS,101,200
1210,H,IND,109,-250
1210,V,DET,102,600
1210,H,PHI,116,-900
1210,V,NOP,100,120
1210,H,BOS,113,-140
1210,V,CLE,92,425
1210,H,MIL,108,-600
1210,V,UTA,113,180
1210,H,OKC,122,-220
1210,V,SAC,108,-130
1210,H,CHI,89,110
1210,V,ORL,76,160
1210,H,DAL,101,-190
1210,V,LAC,123,-600
1210,H,PHO,119,425
1210,V,MEM,99,140
1210,H,DEN,105,-160
1210,V,MIN,108,425
1210,H,GSW,116,-600
1210,V,MIA,105,180
1210,H,LAL,108,-220
1211,V,POR,104,225
1211,H,HOU,111,-275
1211,V,PHO,86,775
1211,H,SAS,111,-1300
1211,V,TOR,123,-160
1211,H,LAC,99,140
1212,V,BRK,127,210
1212,H,PHI,124,-260
1212,V,BOS,130,-180
1212,H,WAS,125,150
1212,V,NYK,106,-115
1212,H,CLE,113,-105
1212,V,DET,107,185
1212,H,CHO,108,-230
1212,V,MIL,97,-130
1212,H,IND,113,110
1212,V,POR,83,145
1212,H,MEM,92,-170
1212,V,OKC,114,-140
1212,H,NOP,118,120
1212,V,ATL,107,400
1212,H,DAL,114,-550
1212,V,MIA,84,325
1212,H,UTA,111,-425
1212,V,MIN,130,-150
1212,H,SAC,141,130
1212,V,TOR,113,275
1212,H,GSW,93,-350
1213,V,LAL,111,200
1213,H,HOU,126,-250
1213,V,LAC,87,130
1213,H,SAS,125,-150
1213,V,CHI,91,190
1213,H,ORL,97,-240
1213,V,DAL,89,-260
1213,H,PHO,99,210
1214,V,ATL,108,650
1214,H,BOS,129,-1000
1214,V,NYK,126,425
1214,H,CHO,124,-600
1214,V,MIL,114,-550
1214,H,CLE,102,400
1214,V,IND,113,130
1214,H,PHI,101,-150
1214,V,WAS,118,130
1214,H,BRK,125,-150
1214,V,MIA,100,160
1214,H,MEM,97,-190
1214,V,TOR,122,-125
1214,H,POR,128,105
1214,V,GSW,130,-370
1214,H,SAC,125,285
1214,V,OKC,98,-130
1214,H,DEN,109,110
1215,V,UTA,89,-260
1215,H,ORL,96,210
1215,V,LAL,128,-120
1215,H,CHO,100,100
1215,V,BOS,104,-130
1215,H,DET,113,110
1215,V,HOU,105,-200
1215,H,MEM,97,170
1215,V,CHI,98,500
1215,H,SAS,93,-700
1215,V,MIN,99,-350
1215,H,PHO,107,275
1215,V,LAC,104,225
1215,H,OKC,110,-275
1216,V,ATL,127,250
1216,H,BRK,144,-310
1216,V,PHI,128,-500
1216,H,CLE,105,375
1216,V,NYK,99,650
1216,H,IND,110,-1000
1216,V,LAL,110,-155
1216,H,WAS,128,135
1216,V,SAC,120,160
1216,H,DAL,113,-190
1216,V,MIA,102,200
1216,H,NOP,96,-250
1216,V,TOR,86,142
1216,H,DEN,95,-165
1217,V,MIL,107,-150
1217,H,DET,104,130
1217,V,PHO,128,-125
1217,H,NYK,110,105
1217,V,SAC,105,280
1217,H,MIN,132,-360
1217,V,CHI,96,750
1217,H,OKC,121,-1200
1217,V,UTA,97,180
1217,H,HOU,102,-220
1217,V,PHI,96,100
1217,H,SAS,123,-120
1217,V,MEM,93,775
1217,H,GSW,110,-1300
1217,V,POR,131,100
1217,H,LAC,127,-120
1218,V,CLE,92,750
1218,H,IND,91,-1200
1218,V,LAL,110,-120
1218,H,BRK,115,100
1218,V,WAS,110,-160
1218,H,ATL,118,140
1218,V,DAL,118,170
1218,H,DEN,126,-200
1219,V,NYK,109,750
1219,H,PHI,131,-1200
1219,V,SAS,129,-155
1219,H,ORL,90,135
1219,V,CLE,99,850
1219,H,CHO,110,-1500
1219,V,PHO,111,700
1219,H,BOS,103,-1100
1219,V,IND,96,155
1219,H,TOR,99,-185
1219,V,DET,129,200
1219,H,MIN,123,-250
1219,V,WAS,118,600
1219,H,HOU,136,-900
1219,V,BRK,96,-125
1219,H,CHI,93,105
1219,V,NOP,115,350
1219,H,MIL,123,-450
1219,V,GSW,103,-130
1219,H,UTA,108,110
1219,V,MEM,92,210
1219,H,POR,99,-260
1219,V,OKC,132,-200
1219,H,SAC,113,170
1220,V,HOU,99,-150
1220,H,MIA,101,130
1220,V,DAL,121,135
1220,H,LAC,125,-155
1221,V,DET,86,150
1221,H,CHO,98,-180
1221,V,CLE,110,600
1221,H,TOR,126,-900
1221,V,IND,114,-145
1221,H,BRK,106,125
1221,V,ATL,114,120
1221,H,NYK,107,-140
1221,V,MIL,120,-125
1221,H,BOS,107,105
1221,V,ORL,80,-160
1221,H,CHI,90,140
1221,V,MIN,98,150
1221,H,SAS,124,-180
1221,V,MEM,99,105
1221,H,SAC,102,-125
1221,V,UTA,120,100
1221,H,POR,90,-120
1221,V,NOP,104,180
1221,H,LAL,112,-220
1222,V,DEN,111,120
1222,H,LAC,132,-140
1222,V,PHO,146,160
1222,H,WAS,149,-190
1222,V,TOR,101,320
1222,H,PHI,126,-420
1222,V,SAS,101,160
1222,H,HOU,108,-190
1222,V,MIL,87,-125
1222,H,MIA,94,105
1222,V,DAL,116,600
1222,H,GSW,120,-900
1222,V,OKC,107,105
1222,H,UTA,106,-125
1223,V,ATL,98,375
1223,H,DET,95,-500
1223,V,WAS,89,500
1223,H,IND,105,-700
1223,V,MIA,115,120
1223,H,ORL,91,-140
1223,V,PHO,103,350
1223,H,BRK,111,-450
1223,V,NOP,117,-115
1223,H,SAC,122,-105
1223,V,CHI,112,-105
1223,H,CLE,92,-115
1223,V,CHO,103,275
1223,H,BOS,119,-350
1223,V,MIN,114,240
1223,H,OKC,112,-300
1223,V,LAC,127,500
1223,H,GSW,129,-700
1223,V,DAL,118,275
1223,H,POR,121,-350
1223,V,MEM,107,180
1223,H,LAL,99,-220
1225,V,MIL,109,-600
1225,H,NYK,95,425
1225,V,OKC,109,-120
1225,H,HOU,113,100
1225,V,PHI,114,175
1225,H,BOS,121,-210
1225,V,LAL,127,375
1225,H,GSW,101,-500
1225,V,POR,96,240
1225,H,UTA,117,-300
1226,V,PHO,122,185
1226,H,ORL,120,-230
1226,V,WAS,95,160
1226,H,DET,106,-190
1226,V,IND,129,-280
1226,H,ATL,121,230
1226,V,TOR,106,-130
1226,H,MIA,104,110
1226,V,CHO,132,100
1226,H,BRK,134,-120
1226,V,CLE,87,400
1226,H,MEM,95,-550
1226,V,MIN,119,-185
1226,H,CHI,94,155
1226,V,NOP,119,110
1226,H,DAL,122,-130
1226,V,DEN,103,150
1226,H,SAS,111,-180
1226,V,SAC,118,170
1226,H,LAC,127,-200
1227,V,BOS,113,-145
1227,H,HOU,127,125
1227,V,NYK,96,950
1227,H,MIL,112,-1800
1227,V,LAL,116,155
1227,H,SAC,117,-185
1227,V,POR,110,350
1227,H,GSW,109,-450
1227,V,PHI,114,170
1227,H,UTA,97,-200
1228,V,BRK,87,170
1228,H,CHO,100,-200
1228,V,DET,88,240
1228,H,IND,125,-300
1228,V,TOR,87,-200
1228,H,ORL,116,170
1228,V,CHI,101,170
1228,H,WAS,92,-200
1228,V,CLE,94,450
1228,H,MIA,118,-650
1228,V,DAL,112,148
1228,H,NOP,114,-175
1228,V,ATL,123,375
1228,H,MIN,120,-500
1228,V,SAS,99,160
1228,H,DEN,102,-190
1228,V,OKC,118,-190
1228,H,PHO,102,160
1228,V,LAC,118,-310
1228,H,LAL,107,250
1229,V,BRK,115,500
1229,H,MIL,129,-700
1229,V,HOU,108,-160
1229,H,NOP,104,140
1229,V,CHO,126,-170
1229,H,WAS,130,145
1229,V,CLE,108,150
1229,H,ATL,111,-180
1229,V,BOS,112,-170
1229,H,MEM,103,145
1229,V,NYK,97,700
1229,H,UTA,129,-1100
1229,V,DEN,122,-210
1229,H,PHO,118,175
1229,V,GSW,115,-230
1229,H,POR,105,185
1229,V,SAS,122,120
1229,H,LAC,111,-140
1230,V,DET,107,105
1230,H,ORL,109,-125
1230,V,MIN,113,142
1230,H,MIA,104,-165
1230,V,CHI,89,550
1230,H,TOR,95,-800
1230,V,OKC,103,-140
1230,H,DAL,105,120
1230,V,PHI,95,135
1230,H,POR,129,-155
1230,V,SAC,114,110
1230,H,LAL,121,-130
1231,V,ATL,108,800
1231,H,IND,116,-1400
1231,V,ORL,100,290
1231,H,CHO,125,-380
1231,V,BOS,111,-115
1231,H,SAS,120,-105
1231,V,MEM,101,160
1231,H,HOU,113,-190
1231,V,DAL,102,270
1231,H,OKC,122,-340
1231,V,MIN,114,100
1231,H,NOP,123,-120
1231,V,GSW,132,-650
1231,H,PHO,109,450
101,V,UTA,116,-105
101,H,TOR,122,-115
101,V,DET,98,425
101,H,MIL,121,-600
101,V,NYK,108,800
101,H,DEN,115,-1400
101,V,POR,113,-120
101,H,SAC,108,100
101,V,PHI,119,-125
101,H,LAC,113,105
102,V,MIA,117,-230
102,H,CLE,92,185
102,V,ATL,98,210
102,H,WAS,114,-260
102,V,DAL,122,105
102,H,CHO,84,-125
102,V,NOP,121,-125
102,H,BRK,126,105
102,V,MIN,102,230
102,H,BOS,115,-280
102,V,DET,101,210
102,H,MEM,94,-260
102,V,ORL,112,-120
102,H,CHI,84,100
102,V,PHI,132,-170
102,H,PHO,127,145
102,V,OKC,107,-240
102,H,LAL,100,190
103,V,TOR,107,140
103,H,SAS,125,-160
103,V,DEN,117,-170
103,H,SAC,113,145
103,V,HOU,135,320
103,H,GSW,134,-420
104,V,DAL,93,150
104,H,BOS,114,-180
104,V,UTA,117,-550
104,H,CLE,91,400
104,V,BRK,109,150
104,H,MEM,100,-180
104,V,WAS,109,235
104,H,MIA,115,-290
104,V,ORL,103,150
104,H,MIN,120,-180
104,V,IND,119,-300
104,H,CHI,116,240
104,V,ATL,112,900
104,H,MIL,144,-1600
104,V,LAC,121,-210
104,H,PHO,111,175
104,V,NYK,119,200
104,H,LAL,112,-250
104,V,OKC,111,-110
104,H,POR,109,-110
105,V,CHO,110,375
105,H,DEN,123,-500
105,V,UTA,110,-180
105,H,DET,105,150
105,V,DAL,100,225
105,H,PHI,106,-275
105,V,NOP,133,-550
105,H,CLE,98,400
105,V,TOR,123,190
105,H,MIL,116,-240
105,V,MEM,88,320
105,H,SAS,108,-420
105,V,HOU,101,115
105,H,POR,110,-135
105,V,GSW,127,-380
105,H,SAC,123,290
106,V,BRK,117,-130
106,H,CHI,100,110
106,V,ORL,96,240
106,H,LAC,106,-300
106,V,LAL,86,300
106,H,MIN,108,-400
106,V,MIA,82,-300
106,H,ATL,106,240
106,V,WAS,116,500
106,H,OKC,98,-700
106,V,IND,105,-110
106,H,TOR,121,-110
106,V,CHO,119,100
106,H,PHO,113,-120
107,V,SAS,119,-150
107,H,DET,107,130
107,V,BRK,95,500
107,H,BOS,116,-700
107,V,MEM,95,170
107,H,NOP,114,-200
107,V,UTA,102,185
107,H,MIL,114,-230
107,V,DEN,113,100
107,H,HOU,125,-120
107,V,LAL,107,250
107,H,DAL,97,-310
107,V,ORL,95,160
107,H,SAC,111,-190
107,V,NYK,101,550
107,H,POR,111,-800
108,V,WAS,115,300
108,H,PHI,132,-400
108,V,IND,123,-600
108,H,CLE,115,425
108,V,ATL,101,800
108,H,TOR,104,-1400
108,V,DEN,103,110
108,H,MIA,99,-130
108,V,MIN,119,300
108,H,OKC,117,-400
108,V,SAC,111,-180
108,H,PHO,115,150
108,V,NYK,95,1600
108,H,GSW,122,-6000
108,V,CHO,109,225
108,H,LAC,128,-275
109,V,PHI,106,-170
109,H,WAS,123,145
109,V,IND,108,250
109,H,BOS,135,-310
109,V,ATL,100,300
109,H,BRK,116,-400
109,V,MIL,116,-125
109,H,HOU,109,105
109,V,SAS,86,-150
109,H,MEM,96,130
109,V,CLE,124,950
109,H,NOP,140,-1800
109,V,PHO,94,550
109,H,DAL,104,-800
109,V,ORL,93,400
109,H,UTA,106,-550
109,V,CHI,112,425
109,H,POR,124,-600
109,V,DET,100,105
109,H,LAL,113,-125
110,V,BOS,99,-155
110,H,MIA,115,135
110,V,LAC,100,185
110,H,DEN,121,-230
110,V,OKC,147,-125
110,H,SAS,154,105
110,V,DET,102,280
110,H,SAC,112,-360
111,V,MIL,106,-135
111,H,WAS,113,115
111,V,ATL,123,450
111,H,PHI,121,-650
111,V,IND,121,-400
111,H,NYK,106,300
111,V,BRK,105,450
111,H,TOR,122,-650
111,V,CLE,113,900
111,H,HOU,141,-1600
111,V,DAL,119,160
111,H,MIN,115,-190
111,V,LAL,95,300
111,H,UTA,113,-400
111,V,CHO,96,220
111,H,POR,127,-270
111,V,CHI,109,1100
111,H,GSW,146,-2500
112,V,DET,109,260
112,H,LAC,104,-330
112,V,MEM,108,145
112,H,MIA,112,-170
112,V,BOS,103,-350
112,H,ORL,105,275
112,V,SAS,112,210
112,H,OKC,122,-260
112,V,NOP,106,-125
112,H,MIN,110,105
112,V,DEN,93,-500
112,H,PHO,102,375
112,V,CHI,102,600
112,H,UTA,110,-900
112,V,CHO,97,200
112,H,SAC,104,-250
113,V,PHI,108,-500
113,H,NYK,105,375
113,V,TOR,140,-220
113,H,WAS,138,180
113,V,MIL,133,-550
113,H,ATL,114,400
113,V,HOU,109,-220
113,H,ORL,116,180
113,V,GSW,119,-260
113,H,DAL,114,210
113,V,POR,113,160
113,H,DEN,116,-190
113,V,CLE,101,450
113,H,LAL,95,-650
114,V,BOS,102,-140
114,H,BRK,109,120
114,V,MEM,94,145
114,H,HOU,112,-170
114,V,CHO,108,280
114,H,SAS,93,-360
114,V,DET,94,280
114,H,UTA,100,-360
114,V,POR,107,110
114,H,SAC,115,-130
114,V,NOP,121,-120
114,H,LAC,117,100
115,V,MIN,107,210
115,H,PHI,149,-260
115,V,PHO,97,450
115,H,IND,131,-650
115,V,OKC,126,-550
115,H,ATL,142,400
115,V,MIA,86,350
115,H,MIL,124,-450
115,V,GSW,142,-135
115,H,DEN,111,115
115,V,CHI,100,240
115,H,LAL,107,-300
116,V,ORL,115,145
116,H,DET,120,-170
116,V,MIL,111,-275
116,H,MEM,101,225
116,V,TOR,108,125
116,H,BOS,117,-145
116,V,BRK,145,200
116,H,HOU,142,-250
116,V,SAS,105,100
116,H,DAL,101,-120
116,V,CLE,112,950
116,H,POR,129,-1800
116,V,NOP,140,260
116,H,GSW,147,-330
116,V,UTA,129,100
116,H,LAC,109,-120
117,N,NYK,100,260
117,N,WAS,101,-330
117,V,PHI,120,130
117,H,IND,96,-150
117,V,SAC,95,125
117,H,CHO,114,-145
117,V,PHO,109,350
117,H,TOR,111,-450
117,V,CHI,105,900
117,H,DEN,135,-1600
117,V,LAL,138,425
117,H,OKC,128,-600
118,V,BRK,117,125
118,H,ORL,115,-145
118,V,MEM,116,450
118,H,BOS,122,-650
118,V,MIA,93,125
118,H,DET,98,-145
118,V,SAS,116,110
118,H,MIN,113,-130
118,V,CLE,99,1200
118,H,UTA,115,-3000
118,V,NOP,112,130
118,H,POR,128,-150
118,V,GSW,112,-300
118,H,LAC,94,240
119,V,OKC,117,145
119,H,PHI,115,-170
119,V,PHO,115,250
119,H,CHO,135,-310
119,V,SAC,103,-125
119,H,DET,101,105
119,V,DAL,99,275
119,H,IND,111,-350
119,V,MIL,118,-700
119,H,ORL,108,500
119,V,BOS,113,-330
119,H,ATL,105,260
119,V,MEM,90,500
119,H,TOR,119,-700
119,V,MIA,117,-180
119,H,CHI,103,150
119,V,LAL,134,260
119,H,HOU,138,-330
119,V,CLE,102,1500
119,H,DEN,124,-5000
120,V,CHO,95,280
120,H,IND,120,-360
120,V,PHO,114,750
120,H,MIN,116,-1200
120,V,LAC,103,400
120,H,SAS,95,-550
121,V,OKC,127,-500
121,H,NYK,109,375
121,V,CHI,104,-150
121,H,CLE,88,130
121,V,DET,87,190
121,H,WAS,101,-240
121,V,DAL,106,600
121,H,MIL,116,-900
121,V,ORL,122,-105
121,H,ATL,103,-115
121,V,SAC,94,140
121,H,BRK,123,-160
121,V,NOP,105,125
121,H,MEM,85,-145
121,V,MIA,99,350
121,H,BOS,107,-450
121,V,HOU,93,170
121,H,PHI,121,-200
121,V,POR,109,175
121,H,UTA,104,-210
121,V,GSW,130,-1500
121,H,LAL,111,850
122,V,SAC,105,500
122,H,TOR,120,-700
122,V,POR,114,145
122,H,OKC,123,-170
122,V,LAC,98,130
122,H,DAL,106,-150
122,V,MIN,118,-190
122,H,PHO,91,160
123,V,TOR,106,230
123,H,IND,110,-280
123,V,CLE,103,1100
123,H,BOS,123,-2500
123,V,ORL,110,180
123,H,BRK,114,-220
123,V,HOU,114,-400
123,H,NYK,110,300
123,V,LAC,111,200
123,H,MIA,99,-250
123,V,SAS,120,140
123,H,PHI,122,-160
123,V,DET,98,170
123,H,NOP,94,-200
123,V,ATL,121,105
123,H,CHI,101,-125
123,V,CHO,118,115
123,H,MEM,107,-135
123,V,DEN,108,150
123,H,UTA,114,-180
124,V,GSW,126,-500
124,H,WAS,118,375
124,V,NOP,116,850
124,H,OKC,122,-1500
124,V,POR,120,-400
124,H,PHO,106,300
124,V,MIN,120,115
124,H,LAL,105,-135
125,V,WAS,95,140
125,H,ORL,91,-160
125,V,MIA,100,-400
125,H,CLE,94,317
125,V,NYK,99,330
125,H,BRK,109,-420
125,V,TOR,119,-165
125,H,HOU,121,144
125,V,SAC,99,115
125,H,MEM,96,-135
125,V,LAC,106,-210
125,H,CHI,101,176
125,V,DET,101,176
125,H,DAL,106,-210
125,V,CHO,99,614
125,H,MIL,108,-900
125,V,PHO,95,1098
125,H,DEN,132,-2200
125,V,MIN,102,459
125,H,UTA,106,-620
126,V,SAS,126,-200
126,H,NOP,114,170
126,V,IND,103,-210
126,H,MEM,106,175
126,V,GSW,115,-170
126,H,BOS,111,145
126,V,PHI,110,450
126,H,DEN,126,-650
126,V,ATL,111,325
126,H,POR,120,-425
127,V,CLE,104,180
127,H,CHI,101,-220
127,V,SAC,108,140
127,H,LAC,122,-160
127,V,MIL,112,-110
127,H,OKC,118,-110
127,V,TOR,123,-180
127,H,DAL,120,150
127,V,ORL,98,350
127,H,HOU,103,-450
127,V,WAS,119,160
127,H,SAS,132,-190
127,V,UTA,125,-240
127,H,MIN,111,190
127,V,MIA,106,-210
127,H,NYK,97,175
127,V,PHO,102,260
127,H,LAL,116,-330
128,V,GSW,132,-350
128,H,IND,100,275
128,V,NYK,92,650
128,H,CHO,101,-1000
128,V,BRK,104,350
128,H,BOS,112,-450
128,V,DEN,95,-240
128,H,MEM,92,190
128,V,ATL,123,210
128,H,LAC,118,-260
129,V,WAS,113,-350
129,H,CLE,116,275
129,V,MIL,115,-300
129,H,DET,105,240
129,V,OKC,126,-155
129,H,ORL,117,135
129,V,CHI,117,240
129,H,BRK,122,-300
129,V,NOP,121,900
129,H,HOU,116,-1600
129,V,PHO,124,900
129,H,SAS,126,-1600
129,V,PHI,121,-340
129,H,LAL,105,270
130,V,CHI,105,525
130,H,MIA,89,-750
130,V,DAL,114,-300
130,H,NYK,90,240
130,V,CHO,94,260
130,H,BOS,126,-330
130,V,MEM,97,135
130,H,MIN,99,-155
130,V,DEN,105,-500
130,H,NOP,99,375
130,V,IND,89,-115
130,H,WAS,107,-105
130,V,ATL,113,180
130,H,SAC,135,-220
130,V,UTA,105,-145
130,H,POR,132,125
131,V,IND,100,145
131,H,ORL,107,-170
131,V,DAL,89,270
131,H,DET,93,-340
131,V,MIL,105,120
131,H,TOR,92,-140
131,V,BRK,114,290
131,H,SAS,117,-380
131,V,PHI,113,300
131,H,GSW,104,-400
131,V,LAL,123,-130
131,H,LAC,120,110
201,V,MEM,92,290
201,H,CHO,100,-380
201,V,BOS,113,-1600
201,H,NYK,99,900
201,V,OKC,118,-170
201,H,MIA,102,145
201,V,ATL,112,650
201,H,UTA,128,-1000
201,V,HOU,122,145
201,H,DEN,136,-170
202,V,LAC,111,120
202,H,DET,101,-140
202,V,BRK,89,135
202,H,ORL,102,-155
202,V,CHI,118,250
202,H,CHO,125,-310
202,V,MIL,131,-265
202,H,WAS,115,215
202,V,IND,95,105
202,H,MIA,88,-125
202,V,DAL,111,-240
202,H,CLE,98,190
202,V,NOP,108,500
202,H,SAS,113,-700
202,V,LAL,101,1100
202,H,GSW,115,-2500
202,V,DEN,107,105
202,H,MIN,106,-125
202,V,HOU,125,240
202,H,UTA,98,-300
202,V,ATL,118,115
202,H,PHO,112,-135
202,V,PHI,108,-160
202,H,SAC,115,140
203,V,MEM,96,-140
203,H,NYK,84,120
203,V,OKC,129,150
203,H,BOS,134,-180
203,V,LAC,103,400
203,H,TOR,121,-550
204,V,DEN,103,-125
204,H,DET,129,105
204,V,ATL,137,250
204,H,WAS,129,-310
204,V,MIL,113,-330
204,H,BRK,94,260
204,V,IND,109,-165
204,H,NOP,107,142
204,V,HOU,118,-400
204,H,PHO,110,300
204,V,SAS,112,-135
204,H,SAC,127,115
205,V,LAL,94,-145
205,H,IND,136,125
205,V,BOS,103,-800
205,H,CLE,96,550
205,V,LAC,117,140
205,H,CHO,115,-160
205,V,DET,105,-170
205,H,NYK,92,145
205,V,ORL,122,375
205,H,OKC,132,-500
205,V,TOR,119,105
205,H,PHI,107,-125
205,V,MIN,106,-180
205,H,MEM,108,150
205,V,MIA,118,260
205,H,POR,108,-330
206,V,DEN,130,-165
206,H,BRK,135,142
206,V,NOP,125,-125
206,H,CHI,120,105
206,V,WAS,129,600
206,H,MIL,148,-900
206,V,CHO,93,190
206,H,DAL,99,-240
206,V,PHO,88,1100
206,H,UTA,116,-2500
206,V,HOU,127,-190
206,H,SAC,101,160
206,V,SAS,102,1100
206,H,GSW,141,-2500
207,V,MIN,112,145
207,H,ORL,122,-170
207,V,LAC,92,215
207,H,IND,116,-265
207,V,TOR,119,-270
207,H,ATL,101,220
207,V,MEM,95,850
207,H,OKC,117,-1500
207,V,LAL,129,350
207,H,BOS,128,-450
207,V,SAS,118,200
207,H,POR,127,-250
208,V,DEN,110,240
208,H,PHI,117,-300
208,V,CLE,106,400
208,H,WAS,119,-550
208,V,NYK,103,290
208,H,DET,120,-380
208,V,CHI,125,300
208,H,BRK,106,-400
208,V,MIL,122,-250
208,H,DAL,107,200
208,V,GSW,117,-2500
208,H,PHO,107,1100
208,V,MIN,117,190
208,H,NOP,122,-240
208,V,MIA,96,140
208,H,SAC,102,-160
209,V,SAS,105,275
209,H,UTA,125,-350
209,V,CLE,90,950
209,H,IND,105,-1800
209,V,TOR,104,-2000
209,H,NYK,99,1000
209,V,CHO,129,-135
209,H,ATL,120,115
209,V,NOP,90,-115
209,H,MEM,99,-105
209,V,WAS,134,-135
209,H,CHI,125,115
209,V,LAC,123,700
209,H,BOS,112,-1100
209,V,OKC,117,125
209,H,HOU,112,-145
209,V,ORL,103,220
209,H,MIL,83,-270
210,V,POR,101,-155
210,H,DAL,102,135
210,V,LAL,120,260
210,H,PHI,143,-330
210,V,PHO,104,350
210,H,SAC,117,-450
210,V,ORL,124,-120
210,H,ATL,108,100
210,V,MIA,118,900
210,H,GSW,120,-1600
211,V,WAS,112,200
211,H,DET,121,-250
211,V,NYK,104,100
211,H,CLE,107,-120
211,V,CHO,90,190
211,H,IND,99,-240
211,V,BRK,125,450
211,H,TOR,127,-650
211,V,POR,111,170
211,H,OKC,120,-200
211,V,DAL,104,550
211,H,HOU,120,-800
211,V,MIL,112,-800
211,H,CHI,99,550
211,V,LAC,120,145
211,H,MIN,130,-170
211,V,MIA,87,425
211,H,DEN,103,-600
212,V,LAL,113,-250
212,H,ATL,117,200
212,V,ORL,118,160
212,H,NOP,88,-190
212,V,BOS,112,240
212,H,PHI,109,-300
212,V,SAS,108,-320
212,H,MEM,107,255
212,V,UTA,108,350
212,H,GSW,115,-450
213,V,BRK,148,-350
213,H,CLE,139,275
213,V,MIL,106,-190
213,H,IND,97,160
213,V,DET,110,145
213,H,BOS,118,-170
213,V,WAS,120,400
213,H,TOR,129,-550
213,V,PHI,126,-650
213,H,NYK,111,450
213,V,MEM,110,100
213,H,CHI,122,-120
213,V,MIA,112,135
213,H,DAL,101,-155
213,V,SAC,118,275
213,H,DEN,120,-350
213,V,HOU,111,-180
213,H,MIN,121,150
213,V,GSW,107,-130
213,H,POR,129,110
213,V,PHO,107,300
213,H,LAC,134,-400
214,V,CHO,89,155
214,H,ORL,127,-180
214,V,NYK,106,267
214,H,ATL,91,-330
214,V,OKC,122,-200
214,H,NOP,131,170
221,V,MIA,102,190
221,H,PHI,106,-240
221,V,PHO,98,100
221,H,CLE,111,-120
221,V,POR,113,-160
221,H,BRK,99,140
221,V,BOS,97,210
221,H,MIL,98,-260
221,V,HOU,106,-150
221,H,LAL,111,130
221,V,SAC,123,700
221,H,GSW,125,-1100
222,V,WAS,110,180
222,H,CHO,123,-220
222,V,NOP,111,180
222,H,IND,126,-220
222,V,CHI,110,290
222,H,ORL,109,-380
222,V,SAS,117,300
222,H,TOR,120,-400
222,V,MIN,115,-170
222,H,NYK,104,145
222,V,DET,125,-190
222,H,ATL,122,160
222,V,LAC,112,-155
222,H,MEM,106,135
222,V,DEN,114,-330
222,H,DAL,104,260
222,V,UTA,147,170
222,H,OKC,148,-200
223,V,POR,130,110
223,H,PHI,115,-130
223,V,MEM,107,110
223,H,CLE,112,-130
223,V,IND,119,-110
223,H,WAS,112,-110
223,V,BRK,117,135
223,H,CHO,115,-155
223,V,LAL,115,-270
223,H,NOP,128,220
223,V,PHO,112,130
223,H,ATL,120,-150
223,V,DET,119,140
223,H,MIA,96,-160
223,V,BOS,116,-650
223,H,CHI,126,450
223,V,SAC,119,200
223,H,OKC,116,-250
223,V,HOU,118,575
223,H,GSW,112,-850
223,V,MIN,128,750
223,H,MIL,140,-1200
223,V,DAL,109,575
223,H,UTA,125,-850
224,V,ORL,113,250
224,H,TOR,98,-310
224,V,LAC,96,375
224,H,DEN,123,-500
224,V,SAS,118,-500
224,H,NYK,130,375
225,V,POR,123,-500
225,H,CLE,110,375
225,V,IND,109,115
225,H,DET,113,-135
225,V,GSW,121,-425
225,H,CHO,110,325
225,V,PHO,124,290
225,H,MIA,121,-380
225,V,SAS,85,100
225,H,BRK,101,-120
225,V,MIL,117,-380
225,H,CHI,106,290
225,V,ATL,111,700
225,H,HOU,119,-1100
225,V,PHI,111,-140
225,H,NOP,110,120
225,V,SAC,105,145
225,H,MIN,112,-170
225,V,LAL,105,-220
225,H,MEM,110,180
225,V,DAL,112,145
225,H,LAC,121,-170
226,V,ORL,103,-330
226,H,NYK,108,260
226,V,BOS,95,142
226,H,TOR,118,-165
226,V,OKC,112,142
226,H,DEN,121,-165
227,V,HOU,118,-220
227,H,CHO,113,180
227,V,MIN,123,-210
227,H,ATL,131,175
227,V,POR,97,120
227,H,BOS,92,-140
227,V,WAS,125,180
227,H,BRK,116,-220
227,V,GSW,125,-425
227,H,MIA,126,325
227,V,CHI,109,135
227,H,MEM,107,-155
227,V,DET,93,155
227,H,SAS,105,-185
227,V,IND,101,-115
227,H,DAL,110,-105
227,V,LAC,105,375
227,H,UTA,111,-500
227,V,MIL,141,-280
227,H,SAC,140,230
227,V,NOP,119,230
227,H,LAL,125,-280
228,V,MIN,115,140
228,H,IND,122,-160
228,V,GSW,96,-200
228,H,ORL,103,170
228,V,CLE,125,105
228,H,NYK,118,-125
228,V,MIA,118,375
228,H,HOU,121,-500
228,V,UTA,111,255
228,H,DEN,104,-320
228,V,PHI,108,155
228,H,OKC,104,-185
301,V,POR,117,180
301,H,TOR,119,-220
301,V,CHI,168,-115
301,H,ATL,161,-105
301,V,CHO,123,125
301,H,BRK,112,-145
301,V,WAS,96,425
301,H,BOS,107,-600
301,V,NOP,130,-200
301,H,PHO,116,170
301,V,LAC,116,135
301,H,SAC,109,-155
301,V,MIL,131,-230
301,H,LAL,120,185
302,V,DET,129,-425
302,H,CLE,93,325
302,V,ORL,117,135
302,H,IND,112,-155
302,V,BRK,88,110
302,H,MIA,117,-130
302,V,MEM,111,170
302,H,DAL,81,-200
302,V,GSW,120,-210
302,H,PHI,117,175
302,V,OKC,102,170
302,H,SAS,116,-200
302,V,LAL,109,-310
302,H,PHO,118,250
302,V,MIL,111,170
302,H,UTA,115,-200
302,V,NOP,120,800
302,H,DEN,112,-1400
303,V,POR,118,-135
303,H,CHO,108,115
303,V,HOU,115,110
303,H,BOS,104,-130
303,V,ATL,123,150
303,H,CHI,118,-180
303,V,NYK,107,450
303,H,LAC,128,-650
303,V,ORL,93,-260
303,H,CLE,107,210
303,V,TOR,107,-135
303,H,DET,112,115
303,V,MIN,121,-110
303,H,WAS,135,-110
303,V,MEM,95,425
303,H,OKC,99,-600
304,V,DAL,88,190
304,H,BRK,127,-240
304,V,ATL,113,375
304,H,MIA,114,-500
304,V,DEN,103,105
304,H,SAS,104,-125
304,V,MIL,105,-1400
304,H,PHO,114,800
304,V,NOP,115,400
304,H,UTA,112,-550
304,V,NYK,108,550
304,H,SAC,115,-800
304,V,LAC,113,145
304,H,LAL,105,-170
305,V,ORL,106,160
305,H,PHI,114,-190
305,V,CHI,96,240
305,H,IND,105,-300
305,V,HOU,107,140
305,H,TOR,95,-160
305,V,POR,111,-240
305,H,MEM,120,190
305,V,OKC,120,-130
305,H,MIN,131,110
305,V,BOS,128,240
305,H,GSW,95,-300
306,V,MIA,91,145
306,H,CHO,84,-170
306,V,DAL,123,190
306,H,WAS,132,-240
306,V,MIN,114,170
306,H,DET,131,-200
306,V,SAS,111,-260
306,H,ATL,104,210
306,V,CLE,107,400
306,H,BRK,113,-550
306,V,UTA,114,-210
306,H,NOP,104,175
306,V,PHI,107,-180
306,H,CHI,108,150
306,V,NYK,96,150
306,H,PHO,107,-180
306,V,BOS,111,-130
306,H,SAC,109,110
306,V,DEN,115,-220
306,H,LAL,99,180
307,V,IND,98,450
307,H,MIL,117,-650
307,V,OKC,129,145
307,H,POR,121,-170
308,V,WAS,111,150
308,H,CHO,112,-180
308,V,DAL,106,240
308,H,ORL,111,-300
308,V,UTA,104,-200
308,H,MEM,114,170
308,V,CLE,110,340
308,H,MIA,126,-440
308,V,TOR,127,-450
308,H,NOP,104,350
308,V,PHI,91,300
308,H,HOU,107,-400
308,V,DET,112,-170
308,H,CHI,104,145
308,V,DEN,105,230
308,H,GSW,122,-280
308,V,OKC,110,110
308,H,LAC,118,-130
309,V,SAC,102,-250
309,H,NYK,94,200
309,V,BRK,114,-200
309,H,ATL,112,170
309,V,WAS,130,240
309,H,MIN,135,-300
309,V,BOS,120,-320
309,H,LAL,107,255
309,V,CHO,114,650
309,H,MIL,131,-1000
309,V,PHO,120,650
309,H,POR,127,-1000
310,V,CHI,108,350
310,H,DET,131,-450
310,V,TOR,125,105
310,H,MIA,104,-125
310,V,IND,89,225
310,H,PHI,106,-275
310,V,NOP,116,100
310,H,ATL,128,-120
310,V,ORL,97,-110
310,H,MEM,105,-110
310,V,HOU,94,-450
310,H,DAL,93,350
310,V,MIL,114,-140
310,H,SAS,121,120
310,V,NYK,92,225
310,H,MIN,103,-275
310,V,PHO,115,1500
310,H,GSW,111,-5000
311,V,TOR,101,-450
311,H,CLE,126,350
311,V,SAC,115,110
311,H,WAS,121,-130
311,V,DET,75,110
311,H,BRK,103,-130
311,V,CHO,106,425
311,H,HOU,118,-600
311,V,OKC,98,145
311,H,UTA,89,-170
311,V,BOS,115,-130
311,H,LAC,140,110
312,V,NYK,98,600
312,H,IND,103,-900
312,V,CLE,99,1100
312,H,PHI,106,-2500
312,V,MIL,130,-650
312,H,NOP,113,450
312,V,LAL,123,-130
312,H,CHI,107,110
312,V,SAS,112,-160
312,H,DAL,105,140
312,V,MIN,107,400
312,H,DEN,133,-550
312,V,POR,125,-180
312,H,LAC,104,150
313,V,DET,74,110
313,H,MIA,108,-130
313,V,ORL,90,110
313,H,WAS,100,-130
313,V,MEM,111,-115
313,H,ATL,132,-105
313,V,BRK,96,230
313,H,OKC,108,-280
313,V,GSW,106,150
313,H,HOU,104,-180
313,V,UTA,114,-400
313,H,PHO,97,300
314,V,CLE,91,300
314,H,ORL,120,-400
314,V,OKC,106,-110
314,H,IND,108,-110
314,V,SAC,120,290
314,H,BOS,126,-380
314,V,LAL,98,250
314,H,TOR,111,-310
314,V,MIN,100,320
314,H,UTA,120,-420
314,V,DAL,99,575
314,H,DEN,100,-850
315,V,LAL,97,750
315,H,DET,111,-1200
315,V,SAC,114,500
315,H,PHI,123,-700
315,V,CHO,116,135
315,H,WAS,110,-155
315,V,PHO,102,700
315,H,HOU,108,-1100
315,V,POR,122,-440
315,H,NOP,110,340
315,V,MIL,113,-240
315,H,MIA,98,190
315,V,NYK,83,800
315,H,SAS,109,-1400
315,V,CHI,121,325
315,H,LAC,128,-425
316,V,ATL,120,500
316,H,BOS,129,-700
316,V,MEM,128,105
316,H,WAS,135,-125
316,V,PHO,138,160
316,H,NOP,136,-190
316,V,GSW,110,105
316,H,OKC,88,-125
316,V,POR,103,125
316,H,SAS,108,-145
316,V,CLE,116,180
316,H,DAL,121,-220
316,V,IND,100,250
316,H,DEN,102,-310
316,V,BRK,98,340
316,H,UTA,114,-440
317,V,LAL,123,-210
317,H,NYK,124,175
317,V,CHO,75,135
317,H,MIA,93,-155
317,V,PHI,130,210
317,H,MIL,125,-260
317,V,TOR,107,-110
317,H,DET,110,-110
317,V,ATL,91,325
317,H,ORL,101,-425
317,V,CHI,102,230
317,H,SAC,129,-280
317,V,MIN,102,425
317,H,HOU,117,-600
317,V,BRK,116,210
317,H,LAC,119,-260
318,V,DET,119,-260
318,H,CLE,126,210
318,V,UTA,116,-240
318,H,WAS,95,190
318,V,DEN,114,170
318,H,BOS,105,-200
318,V,NYK,92,750
318,H,TOR,128,-1200
318,V,MIA,116,190
318,H,OKC,107,-240
318,V,GSW,105,-150
318,H,SAS,111,130
318,V,NOP,129,175
318,H,DAL,125,-210
318,V,CHI,116,120
318,H,PHO,101,-140
318,V,IND,98,175
318,H,POR,106,-210
319,V,PHI,118,100
319,H,CHO,114,-120
319,V,HOU,121,-425
319,H,ATL,105,325
319,V,GSW,117,-300
319,H,MIN,107,240
319,V,LAL,101,550
319,H,MIL,115,-800
319,V,BRK,123,135
319,H,SAC,121,-155
319,V,IND,109,185
319,H,LAC,115,-230
320,V,MIL,102,-260
320,H,CLE,107,210
320,V,NOP,96,400
320,H,ORL,119,-550
320,V,BOS,115,145
320,H,PHI,118,-170
320,V,UTA,137,-1400
320,H,NYK,116,800
320,V,WAS,120,-180
320,H,CHI,126,150
320,V,HOU,125,-260
320,H,MEM,126,210
320,V,MIA,110,210
320,H,SAS,105,-260
320,V,TOR,123,180
320,H,OKC,114,-220
320,V,DAL,118,425
320,H,POR,126,-600
321,V,MIN,106,210
321,H,CHO,113,-260
321,V,DEN,113,-400
321,H,WAS,108,300
321,V,UTA,114,-330
321,H,ATL,117,260
321,V,DAL,100,350
321,H,SAC,116,-450
321,V,DET,118,-300
321,H,PHO,98,240
321,V,IND,89,500
321,H,GSW,112,-700
322,V,MEM,119,500
322,H,ORL,123,-700
322,V,DEN,111,-900
322,H,NYK,93,600
322,V,LAC,110,-300
322,H,CLE,108,240
322,V,OKC,116,115
322,H,TOR,109,-135
322,V,SAS,105,220
322,H,HOU,111,-270
322,V,MIA,87,270
322,H,MIL,116,-340
322,V,BRK,111,-140
322,H,LAL,106,120
323,V,BOS,117,-180
323,H,CHO,124,150
323,V,MIA,113,100
323,H,WAS,108,-120
323,V,PHI,127,-330
323,H,ATL,129,260
323,V,MIN,112,-105
323,H,MEM,99,-115
323,V,UTA,114,-750
323,H,CHI,83,525
323,V,DAL,126,800
323,H,GSW,91,-1400
323,V,DET,112,190
323,H,POR,117,-240
323,V,PHO,103,450
323,H,SAC,112,-650
324,V,LAC,124,-450
324,H,NYK,113,350
324,V,CLE,105,900
324,H,MIL,127,-1600
324,V,DEN,88,-125
324,H,IND,124,105
324,V,CHO,115,600
324,H,TOR,114,-900
324,V,HOU,113,-550
324,H,NOP,90,400
324,V,SAS,115,-135
324,H,BOS,96,115
324,V,DET,114,425
324,H,GSW,121,-600
324,V,SAC,106,-110
324,H,LAL,111,-110
325,V,PHI,98,115
325,H,ORL,119,-135
325,V,OKC,103,-350
325,H,MEM,115,275
325,V,PHO,92,900
325,H,UTA,125,-1600
325,V,BRK,144,210
325,H,POR,148,-260
326,V,BOS,116,-250
326,H,CLE,106,200
326,V,SAS,116,-190
326,H,CHO,125,160
326,V,ORL,104,142
326,H,MIA,99,-165
326,V,CHI,103,1000
326,H,TOR,112,-2000
326,V,LAC,122,-150
326,H,MIN,111,130
326,V,ATL,130,-145
326,H,NOP,120,125
326,V,HOU,94,125
326,H,MIL,108,-145
326,V,SAC,125,-130
326,H,DAL,121,110
326,V,DET,92,275
326,H,DEN,95,-350
326,V,WAS,106,125
326,H,LAL,124,-145
327,V,IND,99,240
327,H,OKC,107,-300
327,V,GSW,118,-600
327,H,MEM,103,425
327,V,POR,118,-450
327,H,CHI,98,350
327,V,WAS,124,-120
327,H,PHO,121,100
327,V,LAL,100,1000
327,H,UTA,115,-2000
328,V,BRK,110,255
328,H,PHI,123,-320
328,V,ORL,98,135
328,H,DET,115,-155
328,V,TOR,117,-600
328,H,NYK,92,425
328,V,DAL,99,220
328,H,MIA,105,-270
328,V,SAC,118,-265
328,H,NOP,121,215
328,V,LAC,118,450
328,H,MIL,128,-650
328,V,DEN,85,220
328,H,HOU,112,-270
328,V,CLE,110,650
328,H,SAS,116,-1000
329,V,IND,112,240
329,H,BOS,114,-300
329,V,POR,118,-145
329,H,ATL,98,125
329,V,DEN,115,170
329,H,OKC,105,-200
329,V,GSW,130,-650
329,H,MIN,131,450
329,V,WAS,124,850
329,H,UTA,128,-1500
329,V,CHO,115,-125
329,H,LAL,129,105
330,V,CLE,108,316
330,H,LAC,132,-399
330,V,BOS,96,166
330,H,BRK,110,-195
330,V,SAC,108,394
330,H,HOU,119,-515
330,V,POR,90,172
330,H,DET,99,-203
330,V,ORL,121,105
330,H,IND,116,-125
330,V,MIA,100,-300
330,H,NYK,92,245
330,V,PHI,118,-190
330,H,MIN,109,163
330,V,TOR,124,-540
330,H,CHI,101,410
330,V,MEM,120,-130
330,H,PHO,115,110
331,V,MIL,135,-135
331,H,ATL,136,115
331,V,DAL,106,700
331,H,OKC,103,-1100
331,V,LAL,130,135
331,H,NOP,102,-155
331,V,SAC,113,450
331,H,SAS,106,-650
331,V,WAS,95,500
331,H,DEN,90,-700
331,V,CHO,90,600
331,H,GSW,137,-900
331,V,MEM,96,425
331,H,LAC,113,-600
401,V,DET,102,190
401,H,IND,111,-240
401,V,MIA,105,240
401,H,BOS,110,-300
401,V,MIL,131,105
401,H,BRK,121,-125
401,V,ORL,109,225
401,H,TOR,121,-275
401,V,CHI,105,142
401,H,NYK,113,-165
401,V,POR,132,-170
401,H,MIN,122,145
401,V,PHI,102,-220
401,H,DAL,122,180
401,V,CHO,102,575
401,H,UTA,111,-850
401,V,CLE,113,110
401,H,PHO,122,-130
402,V,LAL,103,750
402,H,OKC,119,-1200
402,V,ATL,111,550
402,H,SAS,117,-800
402,V,HOU,130,-250
402,H,SAC,105,200
402,V,DEN,102,325
402,H,GSW,116,-425
403,V,IND,108,120
403,H,DET,89,-140
403,V,NYK,100,750
403,H,ORL,114,-1200
403,V,CHI,115,400
403,H,WAS,114,-550
403,V,PHI,122,-200
403,H,ATL,130,170
403,V,BOS,112,-105
403,H,MIA,102,-115
403,V,TOR,115,-130
403,H,BRK,105,110
403,V,CHO,115,-190
403,H,NOP,109,160
403,V,MIN,110,125
403,H,DAL,108,-145
403,V,SAS,85,170
403,H,DEN,113,-200
403,V,UTA,118,-650
403,H,PHO,97,450
403,V,MEM,89,525
403,H,POR,116,-750
403,V,HOU,135,-145
403,H,LAC,103,125
404,V,MIL,128,-180
404,H,PHI,122,150
404,V,CLE,104,400
404,H,SAC,117,-550
404,V,GSW,108,-1400
404,H,LAL,90,800
405,V,SAS,129,-300
405,H,WAS,112,240
405,V,TOR,111,-270
405,H,CHO,113,220
405,V,ATL,113,325
405,H,ORL,149,-425
405,V,NYK,96,1600
405,H,HOU,120,-6000
405,V,BOS,117,-110
405,H,IND,97,-110
405,V,MIA,109,-160
405,H,MIN,111,140
405,V,DET,110,200
405,H,OKC,123,-250
405,V,MEM,122,155
405,H,DAL,112,-185
405,V,SAC,98,425
405,H,UTA,119,-600
405,V,NOP,126,-140
405,H,PHO,133,120
405,V,CLE,114,1200
405,H,GSW,120,-3000
405,V,LAL,122,550
405,H,LAC,117,-800
405,V,POR,110,200
405,H,DEN,119,-250
406,V,BRK,133,140
406,H,MIL,128,-160
406,V,PHI,116,-650
406,H,CHI,96,450
407,V,MIA,109,200
407,H,TOR,117,-250
407,V,SAS,112,-425
407,H,CLE,90,325
407,V,OKC,132,-300
407,H,MIN,126,240
407,V,CHO,104,225
407,H,DET,91,-275
407,V,BRK,108,120
407,H,IND,96,-140
407,V,DAL,129,-110
407,H,MEM,127,-110
407,V,ATL,107,650
407,H,MIL,115,-1000
407,V,PHO,113,1800
407,H,HOU,149,-8000
407,V,ORL,116,145
407,H,BOS,108,-170
407,V,WAS,110,-180
407,H,NYK,113,150
407,V,LAC,104,650
407,H,GSW,131,-1000
407,V,DEN,108,350
407,H,POR,115,-450
407,V,NOP,133,550
407,H,SAC,129,-800
407,V,UTA,109,-1100
407,H,LAL,113,700
409,V,MEM,93,750
409,H,DET,100,-1200
409,V,CHO,124,-450
409,H,CLE,97,350
409,V,BOS,116,170
409,H,WAS,110,-200
409,V,PHI,99,220
409,H,MIA,122,-270
409,V,NYK,96,110
409,H,CHI,86,-130
409,V,TOR,120,-350
409,H,MIN,100,275
409,V,GSW,112,-500
409,H,NOP,103,375
409,V,PHO,109,300
409,H,DAL,120,-400
409,V,DEN,108,110
409,H,UTA,118,-130
409,V,HOU,111,-150
409,H,OKC,112,130
409,V,POR,104,-500
409,H,LAL,101,375
410,V,GSW,117,-210
410,H,MEM,132,175
410,V,OKC,127,-200
410,H,MIL,116,170
410,V,DAL,94,900
410,H,SAS,105,-1600
410,V,CHI,109,200
410,H,PHI,125,-250
410,V,ORL,122,150
410,H,CHO,114,-180
410,V,IND,135,180
410,H,ATL,134,-220
410,V,MIA,94,170
410,H,BRK,113,-200
410,V,DET,115,-420
410,H,NYK,89,320
410,V,MIN,95,700
410,H,DEN,99,-1100
410,V,SAC,131,130
410,H,POR,136,-150
410,V,UTA,137,280
410,H,LAC,143,-360
413,V,BRK,111,280
413,H,PHI,102,-360
413,V,ORL,104,375
413,H,TOR,101,-500
413,V,LAC,104,900
413,H,GSW,121,-1600
413,V,SAS,101,220
413,H,DEN,96,-270
414,V,IND,74,300
414,H,BOS,84,-400
414,V,OKC,99,130
414,H,POR,104,-150
414,V,DET,86,1100
414,H,MIL,121,-2500
414,V,UTA,90,210
414,H,HOU,122,-260
415,V,BRK,123,350
415,H,PHI,145,-450
415,V,LAC,135,900
415,H,GSW,131,-1600
416,V,ORL,82,550
416,H,TOR,111,-800
416,V,SAS,105,260
416,H,DEN,114,-330
416,V,OKC,94,-105
416,H,POR,114,-115
417,V,IND,91,275
417,H,BOS,99,-350
417,V,DET,99,1200
417,H,MIL,120,-3000
417,V,UTA,98,240
417,H,HOU,118,-300
418,V,PHI,131,-115
418,H,BRK,115,-105
418,V,DEN,108,163
418,H,SAS,118,-190
418,V,GSW,132,-500
418,H,LAC,105,384
419,V,TOR,98,-220
419,H,ORL,93,184
419,V,BOS,104,115
419,H,IND,96,-135
419,V,POR,108,274
419,H,OKC,120,-340
420,V,PHI,112,-152
420,H,BRK,108,133
420,V,DEN,117,144
420,H,SAS,103,-165
420,V,MIL,119,-450
420,H,DET,103,351
420,V,HOU,104,110
420,H,UTA,101,-130
421,V,BOS,110,-160
421,H,IND,106,140
421,V,GSW,113,-500
421,H,LAC,105,384
421,V,TOR,107,-230
421,H,ORL,85,192
421,V,POR,111,195
421,H,OKC,98,-235
422,V,MIL,127,-900
422,H,DET,104,614
422,V,HOU,91,-130
422,H,UTA,107,110
423,V,SAS,90,194
423,H,DEN,108,-232
423,V,OKC,115,155
423,H,POR,118,-180
423,V,ORL,96,550
423,H,TOR,115,-777
423,V,BRK,100,327
423,H,PHI,122,-415
424,V,LAC,129,1198
424,H,GSW,121,-2600
424,V,UTA,93,306
424,H,HOU,100,-385
425,V,DEN,103,130
425,H,SAS,120,-150
426,V,GSW,129,-600
426,H,LAC,110,447
427,V,SAS,86,218
427,H,DEN,90,-265
427,V,PHI,95,237
427,H,TOR,108,-290
428,V,BOS,112,326
428,H,MIL,90,-410
428,V,HOU,100,234
428,H,GSW,104,-285
429,V,PHI,94,245
429,H,TOR,89,-300
429,V,POR,113,162
429,H,DEN,121,-189
430,V,BOS,102,278
430,H,MIL,123,-345
430,V,HOU,109,199
430,H,GSW,115,-240
501,V,POR,97,155
501,H,DEN,90,-180
502,V,TOR,95,-120
502,H,PHI,116,100
503,V,MIL,123,118
503,H,BOS,116,-138
503,V,DEN,137,188
503,H,POR,140,-225
504,V,GSW,121,148
504,H,HOU,126,-170
505,V,TOR,101,120
505,H,PHI,96,-140
505,V,DEN,116,121
505,H,POR,112,-140
506,V,MIL,113,-108
506,H,BOS,101,-112
506,V,GSW,108,-115
506,H,HOU,112,-105
507,V,PHI,89,211
507,H,TOR,125,-255
507,V,POR,98,170
507,H,DEN,124,-200
508,V,BOS,91,303
508,H,MIL,116,-380
508,V,HOU,99,203
508,H,GSW,104,-245
509,V,TOR,101,-126
509,H,PHI,112,106
509,V,DEN,108,162
509,H,POR,119,-188
510,V,GSW,118,278
510,H,HOU,113,-345
512,V,PHI,90,203
512,H,TOR,92,-245
512,V,POR,100,221
512,H,DEN,96,-265
514,V,POR,94,245
514,H,GSW,116,-300
515,V,TOR,100,256
515,H,MIL,108,-315
516,V,POR,111,256
516,H,GSW,114,-315
517,V,TOR,103,207
517,H,MIL,125,-250
518,V,GSW,110,135
518,H,POR,99,-155
519,V,MIL,112,112
519,H,TOR,118,-132
520,V,GSW,119,-127
520,H,POR,117,107
521,V,MIL,102,-154
521,H,TOR,120,134
523,V,TOR,105,278
523,H,MIL,99,-345
525,V,MIL,94,110
525,H,TOR,100,-130
530,V,GSW,109,115
530,H,TOR,118,-135
602,V,GSW,109,117
602,H,TOR,104,-137
605,V,TOR,123,114
605,H,GSW,109,-134
607,V,TOR,105,194
607,H,GSW,92,-233
610,V,GSW,106,-107
610,H,TOR,105,-113
613,V,TOR,114,124
613,H,GSW,110,-144
